Parent,Destination,Origin,Timepoint,Species,AFDW,SA,BM,BWg.d,BWx,BWx.d,BWg.dSA,BWg.dAFDW,BWx.dSA,BWx.dAFDW,LE,NP,R,GP,GPSA,GPAFDW,NPSA,NPAFDW,RSA,RAFDW,P_RSA,P_RAFDW,F0,FM,Yield,PercentLipids,TotalLipids,PropLipids,Final.prey.SA,Extension,Angle,Simpson,PropSpawn,FitScore,Survival,FitScoreNoRepro
121,Inner Lagoon,Inner Lagoon,1.5,MCAP,NA,NA,NA,NA,NA,NA,NA,NA,NA,NA,NA,NA,NA,NA,NA,NA,NA,NA,NA,NA,NA,NA,349,993.1,645.8,NA,NA,NA,NA,NA,NA,NA,NA,NA,NA,NA
121,Outer Lagoon,Inner Lagoon,1.5,MCAP,NA,NA,NA,NA,NA,NA,NA,NA,NA,NA,NA,NA,NA,NA,NA,NA,NA,NA,NA,NA,NA,NA,346.9,968,636.2,NA,NA,NA,NA,NA,NA,NA,NA,NA,NA,NA
125,Inner Lagoon,Inner Lagoon,1.5,MCAP,NA,NA,NA,NA,NA,NA,NA,NA,NA,NA,NA,NA,NA,NA,NA,NA,NA,NA,NA,NA,NA,NA,345.5555556,1017.111111,659.4444444,NA,NA,NA,NA,NA,NA,NA,NA,NA,NA,NA
125,Outer Lagoon,Inner Lagoon,1.5,MCAP,NA,NA,NA,NA,NA,NA,NA,NA,NA,NA,NA,NA,NA,NA,NA,NA,NA,NA,NA,NA,NA,NA,408.7,1193.1,655.7,NA,NA,NA,NA,NA,NA,NA,NA,NA,NA,NA
143,Inner Lagoon,Outer Lagoon,1.5,MCAP,NA,NA,NA,NA,NA,NA,NA,NA,NA,NA,NA,NA,NA,NA,NA,NA,NA,NA,NA,NA,NA,NA,425.7,1208,643.2,NA,NA,NA,NA,NA,NA,NA,NA,NA,NA,NA
143,Outer Lagoon,Outer Lagoon,1.5,MCAP,NA,NA,NA,NA,NA,NA,NA,NA,NA,NA,NA,NA,NA,NA,NA,NA,NA,NA,NA,NA,NA,NA,518.3,1434.3,637.4,NA,NA,NA,NA,NA,NA,NA,NA,NA,NA,NA
144,Inner Lagoon,Outer Lagoon,1.5,MCAP,NA,NA,NA,NA,NA,NA,NA,NA,NA,NA,NA,NA,NA,NA,NA,NA,NA,NA,NA,NA,NA,NA,373.9,1046.3,641.3,NA,NA,NA,NA,NA,NA,NA,NA,NA,NA,NA
144,Outer Lagoon,Outer Lagoon,1.5,MCAP,NA,NA,NA,NA,NA,NA,NA,NA,NA,NA,NA,NA,NA,NA,NA,NA,NA,NA,NA,NA,NA,NA,467.7,1269.9,631.3,NA,NA,NA,NA,NA,NA,NA,NA,NA,NA,NA
151,Inner Lagoon,Inner Lagoon,1.5,PCOM,NA,NA,NA,NA,NA,NA,NA,NA,NA,NA,NA,NA,NA,NA,NA,NA,NA,NA,NA,NA,NA,NA,441.2,1162.3,616.5,NA,NA,NA,NA,NA,NA,NA,NA,NA,NA,NA
151,Outer Lagoon,Inner Lagoon,1.5,PCOM,NA,NA,NA,NA,NA,NA,NA,NA,NA,NA,NA,NA,NA,NA,NA,NA,NA,NA,NA,NA,NA,NA,403.2857143,1003.857143,589,NA,NA,NA,NA,NA,NA,NA,NA,NA,NA,NA
152,Inner Lagoon,Inner Lagoon,1.5,PCOM,NA,NA,NA,NA,NA,NA,NA,NA,NA,NA,NA,NA,NA,NA,NA,NA,NA,NA,NA,NA,NA,NA,502.2,1315.4,608.6,NA,NA,NA,NA,NA,NA,NA,NA,NA,NA,NA
152,Outer Lagoon,Inner Lagoon,1.5,PCOM,NA,NA,NA,NA,NA,NA,NA,NA,NA,NA,NA,NA,NA,NA,NA,NA,NA,NA,NA,NA,NA,NA,523.6,1334.2,604.6,NA,NA,NA,NA,NA,NA,NA,NA,NA,NA,NA
153,Inner Lagoon,Inner Lagoon,1.5,PCOM,NA,NA,NA,NA,NA,NA,NA,NA,NA,NA,NA,NA,NA,NA,NA,NA,NA,NA,NA,NA,NA,NA,526.6,1343.5,609.3,NA,NA,NA,NA,NA,NA,NA,NA,NA,NA,NA
153,Outer Lagoon,Inner Lagoon,1.5,PCOM,NA,NA,NA,NA,NA,NA,NA,NA,NA,NA,NA,NA,NA,NA,NA,NA,NA,NA,NA,NA,NA,NA,450.5,1214,623.1,NA,NA,NA,NA,NA,NA,NA,NA,NA,NA,NA
154,Inner Lagoon,Inner Lagoon,1.5,PCOM,NA,NA,NA,NA,NA,NA,NA,NA,NA,NA,NA,NA,NA,NA,NA,NA,NA,NA,NA,NA,NA,NA,514,1365.7,619.8,NA,NA,NA,NA,NA,NA,NA,NA,NA,NA,NA
154,Outer Lagoon,Inner Lagoon,1.5,PCOM,NA,NA,NA,NA,NA,NA,NA,NA,NA,NA,NA,NA,NA,NA,NA,NA,NA,NA,NA,NA,NA,NA,483.4,1268.4,614.9,NA,NA,NA,NA,NA,NA,NA,NA,NA,NA,NA
156,Inner Lagoon,Inner Lagoon,1.5,PCOM,NA,NA,NA,NA,NA,NA,NA,NA,NA,NA,NA,NA,NA,NA,NA,NA,NA,NA,NA,NA,NA,NA,485.5555556,1275.555556,618.2222222,NA,NA,NA,NA,NA,NA,NA,NA,NA,NA,NA
156,Outer Lagoon,Inner Lagoon,1.5,PCOM,NA,NA,NA,NA,NA,NA,NA,NA,NA,NA,NA,NA,NA,NA,NA,NA,NA,NA,NA,NA,NA,NA,436.2,1122.6,611.3,NA,NA,NA,NA,NA,NA,NA,NA,NA,NA,NA
157,Inner Lagoon,Inner Lagoon,1.5,PCOM,NA,NA,NA,NA,NA,NA,NA,NA,NA,NA,NA,NA,NA,NA,NA,NA,NA,NA,NA,NA,NA,NA,534.7,1459.8,633.1,NA,NA,NA,NA,NA,NA,NA,NA,NA,NA,NA
157,Outer Lagoon,Inner Lagoon,1.5,PCOM,NA,NA,NA,NA,NA,NA,NA,NA,NA,NA,NA,NA,NA,NA,NA,NA,NA,NA,NA,NA,NA,NA,525.4,1302.2,588.1,NA,NA,NA,NA,NA,NA,NA,NA,NA,NA,NA
158,Inner Lagoon,Inner Lagoon,1.5,PCOM,NA,NA,NA,NA,NA,NA,NA,NA,NA,NA,NA,NA,NA,NA,NA,NA,NA,NA,NA,NA,NA,NA,436.875,1160.25,618.375,NA,NA,NA,NA,NA,NA,NA,NA,NA,NA,NA
158,Outer Lagoon,Inner Lagoon,1.5,PCOM,NA,NA,NA,NA,NA,NA,NA,NA,NA,NA,NA,NA,NA,NA,NA,NA,NA,NA,NA,NA,NA,NA,463.1,1159,592.9,NA,NA,NA,NA,NA,NA,NA,NA,NA,NA,NA
162,Inner Lagoon,Inner Lagoon,1.5,MCAP,NA,NA,NA,NA,NA,NA,NA,NA,NA,NA,NA,NA,NA,NA,NA,NA,NA,NA,NA,NA,NA,NA,329.7,946.3,652.5,NA,NA,NA,NA,NA,NA,NA,NA,NA,NA,NA
162,Outer Lagoon,Inner Lagoon,1.5,MCAP,NA,NA,NA,NA,NA,NA,NA,NA,NA,NA,NA,NA,NA,NA,NA,NA,NA,NA,NA,NA,NA,NA,395.9,1066.9,628.5,NA,NA,NA,NA,NA,NA,NA,NA,NA,NA,NA
163,Inner Lagoon,Inner Lagoon,1.5,MCAP,NA,NA,NA,NA,NA,NA,NA,NA,NA,NA,NA,NA,NA,NA,NA,NA,NA,NA,NA,NA,NA,NA,346.7,979.4,644.5,NA,NA,NA,NA,NA,NA,NA,NA,NA,NA,NA
163,Outer Lagoon,Inner Lagoon,1.5,MCAP,NA,NA,NA,NA,NA,NA,NA,NA,NA,NA,NA,NA,NA,NA,NA,NA,NA,NA,NA,NA,NA,NA,474.2,1314.2,639.9,NA,NA,NA,NA,NA,NA,NA,NA,NA,NA,NA
166,Inner Lagoon,Inner Lagoon,1.5,MCAP,NA,NA,NA,NA,NA,NA,NA,NA,NA,NA,NA,NA,NA,NA,NA,NA,NA,NA,NA,NA,NA,NA,365.3,1060.1,654.8,NA,NA,NA,NA,NA,NA,NA,NA,NA,NA,NA
166,Outer Lagoon,Inner Lagoon,1.5,MCAP,NA,NA,NA,NA,NA,NA,NA,NA,NA,NA,NA,NA,NA,NA,NA,NA,NA,NA,NA,NA,NA,NA,470.3,1227.6,617.3,NA,NA,NA,NA,NA,NA,NA,NA,NA,NA,NA
167,Inner Lagoon,Inner Lagoon,1.5,MCAP,NA,NA,NA,NA,NA,NA,NA,NA,NA,NA,NA,NA,NA,NA,NA,NA,NA,NA,NA,NA,NA,NA,367.3,1030.2,641.9,NA,NA,NA,NA,NA,NA,NA,NA,NA,NA,NA
167,Outer Lagoon,Inner Lagoon,1.5,MCAP,NA,NA,NA,NA,NA,NA,NA,NA,NA,NA,NA,NA,NA,NA,NA,NA,NA,NA,NA,NA,NA,NA,426.3,1224,651.3,NA,NA,NA,NA,NA,NA,NA,NA,NA,NA,NA
169,Inner Lagoon,Inner Lagoon,1.5,MCAP,NA,NA,NA,NA,NA,NA,NA,NA,NA,NA,NA,NA,NA,NA,NA,NA,NA,NA,NA,NA,NA,NA,383.1,1071.1,643,NA,NA,NA,NA,NA,NA,NA,NA,NA,NA,NA
169,Outer Lagoon,Inner Lagoon,1.5,MCAP,NA,NA,NA,NA,NA,NA,NA,NA,NA,NA,NA,NA,NA,NA,NA,NA,NA,NA,NA,NA,NA,NA,496.3,1347.3,633.3,NA,NA,NA,NA,NA,NA,NA,NA,NA,NA,NA
170,Inner Lagoon,Inner Lagoon,1.5,MCAP,NA,NA,NA,NA,NA,NA,NA,NA,NA,NA,NA,NA,NA,NA,NA,NA,NA,NA,NA,NA,NA,NA,342.5,961.7,641,NA,NA,NA,NA,NA,NA,NA,NA,NA,NA,NA
170,Outer Lagoon,Inner Lagoon,1.5,MCAP,NA,NA,NA,NA,NA,NA,NA,NA,NA,NA,NA,NA,NA,NA,NA,NA,NA,NA,NA,NA,NA,NA,453.1,1202.6,620.5,NA,NA,NA,NA,NA,NA,NA,NA,NA,NA,NA
208,Inner Lagoon,Outer Lagoon,1.5,MCAP,NA,NA,NA,NA,NA,NA,NA,NA,NA,NA,NA,NA,NA,NA,NA,NA,NA,NA,NA,NA,NA,NA,356.3,1040.4,656.2,NA,NA,NA,NA,NA,NA,NA,NA,NA,NA,NA
208,Outer Lagoon,Outer Lagoon,1.5,MCAP,NA,NA,NA,NA,NA,NA,NA,NA,NA,NA,NA,NA,NA,NA,NA,NA,NA,NA,NA,NA,NA,NA,393.1818182,1095.090909,641.0909091,NA,NA,NA,NA,NA,NA,NA,NA,NA,NA,NA
21,Inner Lagoon,Outer Lagoon,1.5,MCAP,NA,NA,NA,NA,NA,NA,NA,NA,NA,NA,NA,NA,NA,NA,NA,NA,NA,NA,NA,NA,NA,NA,344.1,988.5,650.9,NA,NA,NA,NA,NA,NA,NA,NA,NA,NA,NA
21,Outer Lagoon,Outer Lagoon,1.5,MCAP,NA,NA,NA,NA,NA,NA,NA,NA,NA,NA,NA,NA,NA,NA,NA,NA,NA,NA,NA,NA,NA,NA,375.2,1077.5,649.1,NA,NA,NA,NA,NA,NA,NA,NA,NA,NA,NA
22,Inner Lagoon,Outer Lagoon,1.5,MCAP,NA,NA,NA,NA,NA,NA,NA,NA,NA,NA,NA,NA,NA,NA,NA,NA,NA,NA,NA,NA,NA,NA,308.2,898.2,655.5,NA,NA,NA,NA,NA,NA,NA,NA,NA,NA,NA
22,Outer Lagoon,Outer Lagoon,1.5,MCAP,NA,NA,NA,NA,NA,NA,NA,NA,NA,NA,NA,NA,NA,NA,NA,NA,NA,NA,NA,NA,NA,NA,368.3,998.1,628.1,NA,NA,NA,NA,NA,NA,NA,NA,NA,NA,NA
23,Inner Lagoon,Outer Lagoon,1.5,MCAP,NA,NA,NA,NA,NA,NA,NA,NA,NA,NA,NA,NA,NA,NA,NA,NA,NA,NA,NA,NA,NA,NA,403.1818182,1155.090909,651.5454545,NA,NA,NA,NA,NA,NA,NA,NA,NA,NA,NA
23,Outer Lagoon,Outer Lagoon,1.5,MCAP,NA,NA,NA,NA,NA,NA,NA,NA,NA,NA,NA,NA,NA,NA,NA,NA,NA,NA,NA,NA,NA,NA,458.5,1289.9,643.2,NA,NA,NA,NA,NA,NA,NA,NA,NA,NA,NA
24,Inner Lagoon,Outer Lagoon,1.5,MCAP,NA,NA,NA,NA,NA,NA,NA,NA,NA,NA,NA,NA,NA,NA,NA,NA,NA,NA,NA,NA,NA,NA,337.4,984.2,656.4,NA,NA,NA,NA,NA,NA,NA,NA,NA,NA,NA
24,Outer Lagoon,Outer Lagoon,1.5,MCAP,NA,NA,NA,NA,NA,NA,NA,NA,NA,NA,NA,NA,NA,NA,NA,NA,NA,NA,NA,NA,NA,NA,410.1,1162.1,647.3,NA,NA,NA,NA,NA,NA,NA,NA,NA,NA,NA
47,Inner Lagoon,Outer Lagoon,1.5,PCOM,NA,NA,NA,NA,NA,NA,NA,NA,NA,NA,NA,NA,NA,NA,NA,NA,NA,NA,NA,NA,NA,NA,543.1,1363.6,602.8,NA,NA,NA,NA,NA,NA,NA,NA,NA,NA,NA
47,Outer Lagoon,Outer Lagoon,1.5,PCOM,NA,NA,NA,NA,NA,NA,NA,NA,NA,NA,NA,NA,NA,NA,NA,NA,NA,NA,NA,NA,NA,NA,502.875,1210.75,574.25,NA,NA,NA,NA,NA,NA,NA,NA,NA,NA,NA
48,Inner Lagoon,Outer Lagoon,1.5,PCOM,NA,NA,NA,NA,NA,NA,NA,NA,NA,NA,NA,NA,NA,NA,NA,NA,NA,NA,NA,NA,NA,NA,417.8,1082.1,609.5,NA,NA,NA,NA,NA,NA,NA,NA,NA,NA,NA
48,Outer Lagoon,Outer Lagoon,1.5,PCOM,NA,NA,NA,NA,NA,NA,NA,NA,NA,NA,NA,NA,NA,NA,NA,NA,NA,NA,NA,NA,NA,NA,511.2,1365.8,624.7,NA,NA,NA,NA,NA,NA,NA,NA,NA,NA,NA
49,Inner Lagoon,Outer Lagoon,1.5,PCOM,NA,NA,NA,NA,NA,NA,NA,NA,NA,NA,NA,NA,NA,NA,NA,NA,NA,NA,NA,NA,NA,NA,520,1345,611.3,NA,NA,NA,NA,NA,NA,NA,NA,NA,NA,NA
49,Outer Lagoon,Outer Lagoon,1.5,PCOM,NA,NA,NA,NA,NA,NA,NA,NA,NA,NA,NA,NA,NA,NA,NA,NA,NA,NA,NA,NA,NA,NA,444.8,1187.6,612.6,NA,NA,NA,NA,NA,NA,NA,NA,NA,NA,NA
50,Inner Lagoon,Outer Lagoon,1.5,PCOM,NA,NA,NA,NA,NA,NA,NA,NA,NA,NA,NA,NA,NA,NA,NA,NA,NA,NA,NA,NA,NA,NA,439.6,1161.7,600.9,NA,NA,NA,NA,NA,NA,NA,NA,NA,NA,NA
50,Outer Lagoon,Outer Lagoon,1.5,PCOM,NA,NA,NA,NA,NA,NA,NA,NA,NA,NA,NA,NA,NA,NA,NA,NA,NA,NA,NA,NA,NA,NA,391.9,1045.7,622.1,NA,NA,NA,NA,NA,NA,NA,NA,NA,NA,NA
51,Inner Lagoon,Outer Lagoon,1.5,MCAP,NA,NA,NA,NA,NA,NA,NA,NA,NA,NA,NA,NA,NA,NA,NA,NA,NA,NA,NA,NA,NA,NA,337.6666667,981.6666667,651,NA,NA,NA,NA,NA,NA,NA,NA,NA,NA,NA
51,Outer Lagoon,Outer Lagoon,1.5,MCAP,NA,NA,NA,NA,NA,NA,NA,NA,NA,NA,NA,NA,NA,NA,NA,NA,NA,NA,NA,NA,NA,NA,400,1130.454545,645.6363636,NA,NA,NA,NA,NA,NA,NA,NA,NA,NA,NA
52,Inner Lagoon,Outer Lagoon,1.5,MCAP,NA,NA,NA,NA,NA,NA,NA,NA,NA,NA,NA,NA,NA,NA,NA,NA,NA,NA,NA,NA,NA,NA,359.6363636,1033.090909,653,NA,NA,NA,NA,NA,NA,NA,NA,NA,NA,NA
52,Outer Lagoon,Outer Lagoon,1.5,MCAP,NA,NA,NA,NA,NA,NA,NA,NA,NA,NA,NA,NA,NA,NA,NA,NA,NA,NA,NA,NA,NA,NA,507.2,1343.1,622,NA,NA,NA,NA,NA,NA,NA,NA,NA,NA,NA
54,Inner Lagoon,Outer Lagoon,1.5,PCOM,NA,NA,NA,NA,NA,NA,NA,NA,NA,NA,NA,NA,NA,NA,NA,NA,NA,NA,NA,NA,NA,NA,486.6,1262.3,616.5,NA,NA,NA,NA,NA,NA,NA,NA,NA,NA,NA
54,Outer Lagoon,Outer Lagoon,1.5,PCOM,NA,NA,NA,NA,NA,NA,NA,NA,NA,NA,NA,NA,NA,NA,NA,NA,NA,NA,NA,NA,NA,NA,462.7,1184.7,605.4,NA,NA,NA,NA,NA,NA,NA,NA,NA,NA,NA
55,Inner Lagoon,Outer Lagoon,1.5,MCAP,NA,NA,NA,NA,NA,NA,NA,NA,NA,NA,NA,NA,NA,NA,NA,NA,NA,NA,NA,NA,NA,NA,349.7,1025.9,657.2,NA,NA,NA,NA,NA,NA,NA,NA,NA,NA,NA
55,Outer Lagoon,Outer Lagoon,1.5,MCAP,NA,NA,NA,NA,NA,NA,NA,NA,NA,NA,NA,NA,NA,NA,NA,NA,NA,NA,NA,NA,NA,NA,430.2222222,1184.444444,639.2222222,NA,NA,NA,NA,NA,NA,NA,NA,NA,NA,NA
56,Inner Lagoon,Outer Lagoon,1.5,PCOM,NA,NA,NA,NA,NA,NA,NA,NA,NA,NA,NA,NA,NA,NA,NA,NA,NA,NA,NA,NA,NA,NA,520.9,1420.3,641.7,NA,NA,NA,NA,NA,NA,NA,NA,NA,NA,NA
56,Outer Lagoon,Outer Lagoon,1.5,PCOM,NA,NA,NA,NA,NA,NA,NA,NA,NA,NA,NA,NA,NA,NA,NA,NA,NA,NA,NA,NA,NA,NA,453.5714286,1124.285714,592.5714286,NA,NA,NA,NA,NA,NA,NA,NA,NA,NA,NA
57,Inner Lagoon,Outer Lagoon,1.5,PCOM,NA,NA,NA,NA,NA,NA,NA,NA,NA,NA,NA,NA,NA,NA,NA,NA,NA,NA,NA,NA,NA,NA,475.7,1355.7,647.1,NA,NA,NA,NA,NA,NA,NA,NA,NA,NA,NA
57,Outer Lagoon,Outer Lagoon,1.5,PCOM,NA,NA,NA,NA,NA,NA,NA,NA,NA,NA,NA,NA,NA,NA,NA,NA,NA,NA,NA,NA,NA,NA,547.625,1241,553.25,NA,NA,NA,NA,NA,NA,NA,NA,NA,NA,NA
58,Inner Lagoon,Outer Lagoon,1.5,PCOM,NA,NA,NA,NA,NA,NA,NA,NA,NA,NA,NA,NA,NA,NA,NA,NA,NA,NA,NA,NA,NA,NA,551.3,1479,621.6,NA,NA,NA,NA,NA,NA,NA,NA,NA,NA,NA
58,Outer Lagoon,Outer Lagoon,1.5,PCOM,NA,NA,NA,NA,NA,NA,NA,NA,NA,NA,NA,NA,NA,NA,NA,NA,NA,NA,NA,NA,NA,NA,456.5555556,1145.444444,601.2222222,NA,NA,NA,NA,NA,NA,NA,NA,NA,NA,NA
59,Inner Lagoon,Outer Lagoon,1.5,PCOM,NA,NA,NA,NA,NA,NA,NA,NA,NA,NA,NA,NA,NA,NA,NA,NA,NA,NA,NA,NA,NA,NA,456.5,1271.625,640.625,NA,NA,NA,NA,NA,NA,NA,NA,NA,NA,NA
59,Outer Lagoon,Outer Lagoon,1.5,PCOM,NA,NA,NA,NA,NA,NA,NA,NA,NA,NA,NA,NA,NA,NA,NA,NA,NA,NA,NA,NA,NA,NA,466.1111111,1254.666667,625.4444444,NA,NA,NA,NA,NA,NA,NA,NA,NA,NA,NA
60,Inner Lagoon,Outer Lagoon,1.5,PCOM,NA,NA,NA,NA,NA,NA,NA,NA,NA,NA,NA,NA,NA,NA,NA,NA,NA,NA,NA,NA,NA,NA,541,1339,598.625,NA,NA,NA,NA,NA,NA,NA,NA,NA,NA,NA
60,Outer Lagoon,Outer Lagoon,1.5,PCOM,NA,NA,NA,NA,NA,NA,NA,NA,NA,NA,NA,NA,NA,NA,NA,NA,NA,NA,NA,NA,NA,NA,536.3333333,1387.888889,612.1111111,NA,NA,NA,NA,NA,NA,NA,NA,NA,NA,NA
65,Inner Lagoon,Inner Lagoon,1.5,PCOM,NA,NA,NA,NA,NA,NA,NA,NA,NA,NA,NA,NA,NA,NA,NA,NA,NA,NA,NA,NA,NA,NA,526.6,1378.2,613,NA,NA,NA,NA,NA,NA,NA,NA,NA,NA,NA
65,Outer Lagoon,Inner Lagoon,1.5,PCOM,NA,NA,NA,NA,NA,NA,NA,NA,NA,NA,NA,NA,NA,NA,NA,NA,NA,NA,NA,NA,NA,NA,437.6666667,1149.333333,608.2222222,NA,NA,NA,NA,NA,NA,NA,NA,NA,NA,NA
71,Inner Lagoon,Inner Lagoon,1.5,MCAP,NA,NA,NA,NA,NA,NA,NA,NA,NA,NA,NA,NA,NA,NA,NA,NA,NA,NA,NA,NA,NA,NA,331.2,993.5,663.6,NA,NA,NA,NA,NA,NA,NA,NA,NA,NA,NA
71,Outer Lagoon,Inner Lagoon,1.5,MCAP,NA,NA,NA,NA,NA,NA,NA,NA,NA,NA,NA,NA,NA,NA,NA,NA,NA,NA,NA,NA,NA,NA,369.7777778,1045.333333,647.3333333,NA,NA,NA,NA,NA,NA,NA,NA,NA,NA,NA
72,Inner Lagoon,Inner Lagoon,1.5,MCAP,NA,NA,NA,NA,NA,NA,NA,NA,NA,NA,NA,NA,NA,NA,NA,NA,NA,NA,NA,NA,NA,NA,459,1313.5,650.2,NA,NA,NA,NA,NA,NA,NA,NA,NA,NA,NA
72,Outer Lagoon,Inner Lagoon,1.5,MCAP,NA,NA,NA,NA,NA,NA,NA,NA,NA,NA,NA,NA,NA,NA,NA,NA,NA,NA,NA,NA,NA,NA,415.3333333,1160.222222,639,NA,NA,NA,NA,NA,NA,NA,NA,NA,NA,NA
96,Inner Lagoon,Inner Lagoon,1.5,PCOM,NA,NA,NA,NA,NA,NA,NA,NA,NA,NA,NA,NA,NA,NA,NA,NA,NA,NA,NA,NA,NA,NA,552.5555556,1421,612.1111111,NA,NA,NA,NA,NA,NA,NA,NA,NA,NA,NA
96,Outer Lagoon,Inner Lagoon,1.5,PCOM,NA,NA,NA,NA,NA,NA,NA,NA,NA,NA,NA,NA,NA,NA,NA,NA,NA,NA,NA,NA,NA,NA,521,1382,620.25,NA,NA,NA,NA,NA,NA,NA,NA,NA,NA,NA
98,Inner Lagoon,Inner Lagoon,1.5,PCOM,NA,NA,NA,NA,NA,NA,NA,NA,NA,NA,NA,NA,NA,NA,NA,NA,NA,NA,NA,NA,NA,NA,519.6,1312.1,612.1,NA,NA,NA,NA,NA,NA,NA,NA,NA,NA,NA
98,Outer Lagoon,Inner Lagoon,1.5,PCOM,NA,NA,NA,NA,NA,NA,NA,NA,NA,NA,NA,NA,NA,NA,NA,NA,NA,NA,NA,NA,NA,NA,469,1273.555556,629.8888889,NA,NA,NA,NA,NA,NA,NA,NA,NA,NA,NA
121,Inner Lagoon,Inner Lagoon,3,MCAP,206.4126758,129.384028,6.246580426,0.028336241,41.63619262,0.455181091,0.00079693,0.000142032,0.011772953,0.002446869,0.00704165,0.361016409,0.164457772,0.525474182,0.016146462,0.002716734,0.011079549,0.001851792,0.005066913,0.000864942,3.212438633,3.212438633,351,1048,663.4,NA,NA,NA,8.895372627,NA,NA,NA,NA,NA,100,NA
121,Outer Lagoon,Inner Lagoon,3,MCAP,271.9751114,41.820328,6.511204276,0.046352968,76.3221614,0.828724723,0.000927085,0.000179053,0.019539025,0.003632452,0.009672735,0.643344221,0.298466492,0.941810713,0.024911778,0.004690996,0.017384703,0.003318556,0.007527075,0.001372441,3.25222422,3.25222422,339.4,966.8,648.8,NA,NA,NA,1.456624358,NA,NA,NA,NA,NA,100,NA
125,Inner Lagoon,Inner Lagoon,3,MCAP,287.637745,29.5402225,11.88656307,0.036787811,47.2257013,0.511863399,0.001384484,0.000169875,0.020129846,0.002285227,0.010299389,0.675145476,0.260913397,0.936058873,0.042566395,0.003473546,0.030602126,0.002501392,0.011964269,0.000972154,3.621684676,3.621684676,381.4,1103.8,647.4,NA,NA,NA,41.43412582,NA,NA,NA,NA,NA,89.18918919,NA
125,Outer Lagoon,Inner Lagoon,3,MCAP,278.5855558,54.528082,5.052538485,0.048160737,69.18074034,0.751266182,0.000973824,0.00022489,0.017555536,0.003501179,0.012753448,1.11690614,0.587922654,1.704828794,0.033500771,0.009018211,0.021992082,0.00543536,0.011508688,0.003582851,3.107316606,3.107316606,393.5,1102.5,638.5,NA,NA,NA,6.314966848,NA,NA,NA,NA,NA,91.89189189,NA
143,Inner Lagoon,Outer Lagoon,3,MCAP,447.8228108,57.509248,8.019091764,0.038802752,25.09494767,0.275584164,0.000682852,0.000114083,0.005923167,0.000909182,0.007336224,0.867683948,0.353939981,1.221623929,0.022083714,0.002769598,0.015791449,0.001965928,0.006292265,0.00080367,3.519036976,3.519036976,463.4,1312.8,646,NA,NA,NA,10.4401935,NA,NA,NA,NA,NA,97.2972973,NA
143,Outer Lagoon,Outer Lagoon,3,MCAP,410.8399998,76.879708,5.471331728,0.061104308,39.83856857,0.432355041,0.0008525,0.000175394,0.006747699,0.001392458,0.007885329,1.259888522,0.647543953,1.907432475,0.027463478,0.004946828,0.01761467,0.003237672,0.009848808,0.001709157,2.99242721,2.99242721,387,1128,659,NA,NA,NA,18.97832264,NA,NA,NA,NA,NA,97.2972973,NA
144,Inner Lagoon,Outer Lagoon,3,MCAP,218.97949,27.54775,8.279019418,0.022809301,30.65794636,0.334866619,0.000700185,9.58E-05,0.013174014,0.001712171,0.007604147,0.411503362,0.180995752,0.592499114,0.023667087,0.002842039,0.016334048,0.001972773,0.007333039,0.000869267,3.294924821,3.294924821,444.8,1218.6,632.2,NA,NA,NA,24.49849682,NA,NA,NA,NA,NA,100,NA
144,Outer Lagoon,Outer Lagoon,3,MCAP,300.638889,47.047708,6.403266531,0.041446784,47.30964641,0.514224434,0.000764715,0.000148813,0.010519364,0.002157946,0.008323153,0.878918776,0.368223041,1.247141818,0.033582547,0.005266877,0.023665403,0.00371621,0.009917143,0.001550668,3.479631046,3.479631046,367.8,1058.6,652.2,NA,NA,NA,5.568766183,NA,NA,NA,NA,NA,100,NA
151,Inner Lagoon,Inner Lagoon,3,PCOM,150.928889,22.982098,6.436131738,0.037166705,42.03894993,0.425082972,0.001206099,0.00019978,0.018029831,0.002898133,0.007384299,0.435485616,0.22183883,0.657324446,0.029705533,0.004657175,0.019730057,0.003093179,0.009975477,0.001563996,2.973864267,2.973864267,488.6,1315.2,614.8,NA,NA,NA,13.04388868,NA,NA,NA,NA,NA,86.48648649,NA
151,Outer Lagoon,Inner Lagoon,3,PCOM,156.9911112,29.98516,5.282650557,0.041566617,45.25207829,0.458399826,0.00128142,0.000291693,0.016843781,0.003990689,0.010136105,0.419906522,0.204374916,0.624281438,0.027122733,0.005564215,0.018334222,0.003755483,0.008788511,0.001808732,3.081818201,3.081818201,543,1459,627,NA,NA,NA,34.68411288,NA,NA,NA,NA,NA,70.27027027,NA
152,Inner Lagoon,Inner Lagoon,3,PCOM,221.0622222,26.56804,8.351877337,0.037541201,38.42210636,0.387886951,0.001303563,0.000190439,0.013838189,0.002047677,0.009939197,0.402984048,0.211070254,0.614054302,0.022969414,0.002749241,0.014993089,0.001795293,0.007976325,0.000953949,2.883181054,2.883181054,547.8,1621.6,663.8,NA,NA,NA,7.60892273,NA,NA,NA,NA,NA,83.78378378,NA
152,Outer Lagoon,Inner Lagoon,3,PCOM,239.8522222,30.7852,7.750494435,0.058915667,64.06920669,0.634320214,0.001626845,0.000255769,0.018296391,0.002678474,0.010101653,0.799380189,0.3626018,1.16198199,0.038181343,0.004964521,0.026497945,0.003432519,0.011683398,0.001532002,3.269065509,3.269065509,488.8,1426,657.4,NA,NA,NA,8.069591148,NA,NA,NA,NA,NA,97.2972973,NA
153,Inner Lagoon,Inner Lagoon,3,PCOM,296.7288888,39.73141,8.922690865,0.041822857,41.8818287,0.424192313,0.001027716,0.00018736,0.011705882,0.002138768,0.008330212,0.616821654,0.288240438,0.905062092,0.029645509,0.003869929,0.020184438,0.002629248,0.009461071,0.001240681,3.10381127,3.0994886,500.75,1288.75,601.25,NA,NA,NA,NA,NA,NA,NA,NA,NA,83.78378378,NA
153,Outer Lagoon,Inner Lagoon,3,PCOM,159.193889,22.378678,7.426219028,0.035472127,64.78656122,0.636154446,0.001434714,0.000201229,0.028428159,0.004049778,0.008673859,0.638648895,0.256693859,0.895342754,0.047209572,0.00613129,0.033346944,0.004334246,0.013862627,0.001797044,3.410748781,3.410748781,563.6,1500.8,622,NA,NA,NA,13.97917984,NA,NA,NA,NA,NA,91.89189189,NA
154,Inner Lagoon,Inner Lagoon,3,PCOM,203.021021,25.00525,7.527982435,0.033218636,29.65671713,0.298311319,0.001230752,0.000205198,0.011475737,0.001967431,0.007354003,0.626793887,0.310002406,0.936796293,0.034817961,0.004894778,0.023276603,0.003233086,0.011541358,0.001661692,3.020320125,3.020320125,589.6,1492.2,601.6,NA,NA,NA,13.64557035,NA,NA,NA,NA,NA,100,NA
154,Outer Lagoon,Inner Lagoon,3,PCOM,202.0989585,21.7076275,9.118720599,0.050138793,76.27547131,0.749165483,0.001798917,0.00020662,0.028033518,0.003291269,0.009644389,0.660408912,0.286373986,0.946782898,0.043406026,0.004897486,0.030237256,0.003404173,0.013168771,0.001493312,3.29851244,3.29851244,546.6,1538,646.6,NA,NA,NA,23.65345767,NA,NA,NA,NA,NA,75.67567568,NA
156,Inner Lagoon,Inner Lagoon,3,PCOM,189.9333334,24.783544,7.755507757,0.044408691,49.79726338,0.503030865,0.001473858,0.000226483,0.018511125,0.002684023,0.006688367,0.547100604,0.28293051,0.830031115,0.031809732,0.004759674,0.021220054,0.003183165,0.010589678,0.001576509,3.003164821,3.003164821,530.6,1493.6,644.2,NA,NA,NA,4.014753874,NA,NA,NA,NA,NA,91.89189189,NA
156,Outer Lagoon,Inner Lagoon,3,PCOM,179.2533334,31.272004,5.788691651,0.068473977,69.37868832,0.684146152,0.001745003,0.000279872,0.01839197,0.003027606,0.010960557,0.934092444,0.36098901,1.295081455,0.042266696,0.007307622,0.030476251,0.005274722,0.011790445,0.0020329,3.590949236,3.590949236,462.4,1437,650.6,NA,NA,NA,10.46621158,NA,NA,NA,NA,NA,97.2972973,NA
157,Inner Lagoon,Inner Lagoon,3,PCOM,190.7911112,26.427016,7.438044708,0.053533841,56.66561656,0.572306859,0.001950032,0.000280865,0.021868279,0.003139624,0.009656478,0.621202701,0.292116781,0.913319482,0.035105457,0.004965181,0.023560447,0.00334709,0.011545009,0.001618091,3.054338198,3.054338198,520.75,1353.5,612.75,NA,NA,NA,29.07993766,NA,NA,NA,NA,NA,94.5945946,NA
157,Outer Lagoon,Inner Lagoon,3,PCOM,242.8097218,30.98521,8.495229328,0.072766935,65.33927856,0.643122098,0.002068195,0.000297899,0.020426834,0.002744311,0.011505954,0.896907247,0.384933619,1.281840866,0.038768762,0.00495005,0.026808338,0.003444481,0.011960425,0.001505569,3.304229124,3.304229124,576.6,1525.6,630,NA,NA,NA,4.095502168,NA,NA,NA,NA,NA,89.18918919,NA
158,Inner Lagoon,Inner Lagoon,3,PCOM,120.4638888,16.802806,7.681396768,0.028082437,50.62519557,0.513017493,0.001482193,0.000214889,0.027546712,0.004092115,0.0055802,0.346073824,0.201341503,0.547415328,0.029167756,0.004657269,0.018489326,0.002952898,0.010678431,0.001704372,2.716861697,2.727084085,423.6666667,1185,638.3333333,NA,NA,NA,20.38139962,NA,NA,NA,NA,NA,89.18918919,NA
158,Outer Lagoon,Inner Lagoon,3,PCOM,139.2400002,23.507548,5.961351807,0.032283871,54.60463454,0.53673722,0.001348619,0.000231933,0.02450064,0.003694404,0.008684864,0.597346194,0.259452358,0.856798552,0.036585322,0.006179671,0.025567728,0.004317102,0.011017594,0.001862569,3.32314583,3.32314583,525.8,1470,640.6,NA,NA,NA,20.47997386,NA,NA,NA,NA,NA,81.08108108,NA
162,Inner Lagoon,Inner Lagoon,3,MCAP,219.4450258,33.594154,7.237274064,0.038091604,69.11757186,0.751740999,0.000838164,0.000151475,0.022847757,0.003612449,0.011457633,0.388693457,0.169771288,0.558464745,0.016874236,0.002631,0.011896219,0.001816402,0.004978016,0.000814598,3.492678616,3.492678616,405.4,1091.6,628.6,NA,NA,NA,13.11152706,NA,NA,NA,NA,NA,100,NA
162,Outer Lagoon,Inner Lagoon,3,MCAP,313.3633336,78.694036,3.965498729,0.062917291,89.54122872,0.968821982,0.000977942,0.000219228,0.017862023,0.004207898,0.010511855,0.716825466,0.309491391,1.026316857,0.02033719,0.005353879,0.014172877,0.003731732,0.006164313,0.001622147,3.36855524,3.36855524,305.6,810.6,623,NA,NA,NA,11.87865468,NA,NA,NA,NA,NA,97.2972973,NA
163,Inner Lagoon,Inner Lagoon,3,MCAP,597.6319696,93.559864,6.654881828,0.076562701,70.74023114,0.772698655,0.000901191,0.000154874,0.010117212,0.001716944,0.016806879,0.859586831,0.512497737,1.372084568,0.022988384,0.003194076,0.014597594,0.001993248,0.00839079,0.001200828,2.712487974,2.712487974,405,1096.8,662.8,NA,NA,NA,6.18336186,NA,NA,NA,NA,NA,100,NA
163,Outer Lagoon,Inner Lagoon,3,MCAP,355.3177784,60.765682,6.046412592,0.054991279,75.40283703,0.81996707,0.000871392,0.000185391,0.015416708,0.00325359,0.014254469,0.870206581,0.424905615,1.295112199,0.025230583,0.004228833,0.016936296,0.002835709,0.008294288,0.001393124,3.056047898,3.056047898,368.6,1082.4,660.8,NA,NA,NA,7.472053157,NA,NA,NA,NA,NA,100,NA
166,Inner Lagoon,Inner Lagoon,3,MCAP,234.3221048,34.283002,7.003080868,0.041766943,30.72226955,0.34092539,0.000892412,0.00016573,0.008224644,0.001482509,0.009105899,0.511826965,0.208807519,0.720634484,0.020378033,0.003082965,0.014330847,0.002170937,0.006047185,0.000912029,3.504553737,3.504553737,392.8,1065.6,631.2,NA,NA,NA,14.60552213,NA,NA,NA,NA,NA,97.2972973,NA
166,Outer Lagoon,Inner Lagoon,3,MCAP,333.24,43.658386,7.964991236,0.04772095,40.92251224,0.445168484,0.000963484,0.000150323,0.010426295,0.001612846,0.008168417,0.831973759,0.378060999,1.210034757,0.028769378,0.003726902,0.019410568,0.002542301,0.00935881,0.001184601,3.177306545,3.177306545,376.2,1060.4,645.2,NA,NA,NA,16.0478817,NA,NA,NA,NA,NA,100,NA
167,Inner Lagoon,Inner Lagoon,3,MCAP,418.2390062,69.789184,11.16357285,0.044343274,66.0770329,0.72285464,0.001056142,0.0001377,0.020319331,0.0026112,0.012189458,0.44185384,0.164084005,0.605937845,0.015640169,0.002000728,0.011296339,0.001457949,0.00434383,0.000542778,3.661736048,3.661736048,379,1067.8,644.8,NA,NA,NA,22.51682065,NA,NA,NA,NA,NA,94.5945946,NA
167,Outer Lagoon,Inner Lagoon,3,MCAP,207.4644446,34.251136,6.909052083,0.049387239,76.8687228,0.838560002,0.000836229,0.000185825,0.020022398,0.003710076,0.010317761,0.613386342,0.275490761,0.888877103,0.028701703,0.00465561,0.020125767,0.003230659,0.008575934,0.001424952,3.325937422,3.325937422,355.4,1027,654.8,NA,NA,NA,9.55738128,NA,NA,NA,NA,NA,97.2972973,NA
169,Inner Lagoon,Inner Lagoon,3,MCAP,159.1575676,22.176634,7.491267435,0.017521995,42.23439099,0.466713292,0.000629264,9.10E-05,0.01782833,0.002423724,0.006613786,0.340069897,0.131534748,0.471604646,0.02158192,0.00301605,0.015502559,0.002169282,0.006079361,0.000846768,3.63707073,3.63707073,409.8,1149.6,644,NA,NA,NA,14.42394763,NA,NA,NA,NA,NA,100,NA
169,Outer Lagoon,Inner Lagoon,3,MCAP,182.5288888,22.711576,8.952243071,0.018370913,58.03139983,0.630130927,0.000651741,0.000109295,0.02548291,0.003979132,0.006903934,0.500712345,0.201760809,0.702473154,0.034315924,0.003566714,0.02463777,0.002546502,0.009678155,0.001020212,3.578551181,3.578551181,400.4,1111,639.6,NA,NA,NA,4.230257163,NA,NA,NA,NA,NA,97.2972973,NA
170,Inner Lagoon,Inner Lagoon,3,MCAP,361.8151028,50.422114,7.64183152,0.04335415,54.41472323,0.59437457,0.00080537,0.000122129,0.012162874,0.001863459,0.012931567,0.723265612,0.307374216,1.030639828,0.021900121,0.002866494,0.015205865,0.00202178,0.006694256,0.000844713,3.538896238,3.538896238,419.6,1153.4,638.6,NA,NA,NA,15.87104845,NA,NA,NA,NA,NA,91.89189189,NA
170,Outer Lagoon,Inner Lagoon,3,MCAP,277.75,48.03917,5.652631513,0.038200812,34.28088237,0.375319965,0.000593121,0.000127532,0.007355365,0.001506464,0.009592073,0.941515987,0.384539228,1.326055214,0.031984819,0.006626173,0.022877937,0.004719241,0.009106882,0.001906932,3.500925727,3.500925727,448,1229.8,634.6,NA,NA,NA,NA,NA,NA,NA,NA,NA,91.89189189,NA
208,Inner Lagoon,Outer Lagoon,3,MCAP,389.1538922,61.621318,6.392973084,0.052364148,57.69876441,0.630392435,0.000838916,0.000174509,0.010518115,0.002227123,0.012036343,0.695554884,0.281902148,0.977457031,0.018687715,0.002923463,0.013190114,0.002056455,0.005497601,0.000867008,3.429812568,3.429812568,334.8,970.2,652.8,NA,NA,NA,-3.247932371,NA,NA,NA,NA,NA,100,NA
208,Outer Lagoon,Outer Lagoon,3,MCAP,376.245555,52.485946,7.286938475,0.0534643,75.60330587,0.820724286,0.000922029,0.000159828,0.014694695,0.002488225,0.010211378,0.935822939,0.435241134,1.371064074,0.027052159,0.003959096,0.018546914,0.002712155,0.008505246,0.001246941,3.184398496,3.184398496,332.2,981.2,658,NA,NA,NA,6.82202134,NA,NA,NA,NA,NA,100,NA
21,Inner Lagoon,Outer Lagoon,3,MCAP,275.4564866,47.318908,5.865888296,0.037342371,49.47528525,0.539910592,0.000774004,0.000140993,0.012120339,0.002242396,0.009864166,0.581174344,0.232600317,0.813774661,0.017825905,0.003062887,0.012725378,0.00219749,0.005100527,0.000865397,3.616330774,3.616330774,316.2,891.8,643,NA,NA,NA,10.35348524,NA,NA,NA,NA,NA,91.89189189,NA
21,Outer Lagoon,Outer Lagoon,3,MCAP,415.214444,61.754206,7.181633357,0.057027,61.80207135,0.670790028,0.000984202,0.000146806,0.013768749,0.001804016,0.007034995,1.916804156,0.437404526,2.354208682,0.037349997,0.005873066,0.030137003,0.004798796,0.007212994,0.00107427,5.516517387,5.516517387,319.4,903.8,645,NA,NA,NA,5.488948104,NA,NA,NA,NA,NA,100,NA
22,Inner Lagoon,Outer Lagoon,3,MCAP,265.9925678,44.777764,6.366555079,0.034266043,55.05792244,0.60117695,0.000847007,0.000127456,0.016769155,0.002434725,0.010088708,0.604778889,0.283676253,0.888455142,0.020185893,0.003216847,0.014292854,0.002263484,0.005893039,0.000953363,3.590072155,3.590072155,361.8,1027.2,648.2,NA,NA,NA,24.12599933,NA,NA,NA,NA,NA,100,NA
22,Outer Lagoon,Outer Lagoon,3,MCAP,202.6500002,29.37496,6.413772163,0.029730891,60.9623199,0.663487904,0.000786439,0.000145865,0.01837397,0.003420453,0.008510985,0.634783777,0.325771755,0.960555532,0.033437065,0.005783991,0.022262842,0.003824389,0.011174223,0.001959603,2.994321812,2.994321812,370.6,1168.6,680,NA,NA,NA,17.36990888,NA,NA,NA,NA,NA,97.2972973,NA
23,Inner Lagoon,Outer Lagoon,3,MCAP,337.15702,43.143784,7.453838905,0.03694989,30.65626257,0.337754559,0.00079817,0.000130111,0.008112061,0.001298219,0.007856061,0.555273417,0.302876679,0.858150096,0.021262267,0.003223733,0.013939582,0.002123676,0.007322685,0.001100057,2.961883019,2.961883019,469.3333333,1291.333333,636.8333333,NA,NA,NA,3.010465302,NA,NA,NA,NA,NA,97.2972973,NA
23,Outer Lagoon,Outer Lagoon,3,MCAP,369.3011114,45.879514,8.910158113,0.043354798,55.80729825,0.609415041,0.000899188,0.000122797,0.014713708,0.001825319,0.009164214,0.725570959,0.394401667,1.119972626,0.025420831,0.003306646,0.016233508,0.00214251,0.009187323,0.001164137,2.797023063,2.797023063,329.2,893,621.4,NA,NA,NA,-6.601119278,NA,NA,NA,NA,NA,100,NA
24,Inner Lagoon,Outer Lagoon,3,MCAP,228.6254596,35.043718,6.759309583,0.042156715,40.28175669,0.438653963,0.000901402,0.000166139,0.010453678,0.001854012,0.009915779,0.511430943,0.224113471,0.735544413,0.021529681,0.003263963,0.014858237,0.002270309,0.006671444,0.000993655,3.265190717,3.265190717,429.6,1168,631,NA,NA,NA,5.860665149,NA,NA,NA,NA,NA,100,NA
24,Outer Lagoon,Outer Lagoon,3,MCAP,563.717778,72.251002,8.554984648,0.070074386,52.07592327,0.567290258,0.000841518,0.000160802,0.007969084,0.001489427,0.00971418,1.290713728,0.618516065,1.909229793,0.028960633,0.004332645,0.019832757,0.003034649,0.009127877,0.001297997,3.205565146,3.205565146,383.8,1128.2,657.6,NA,NA,NA,5.936797534,NA,NA,NA,NA,NA,100,NA
47,Inner Lagoon,Outer Lagoon,3,PCOM,274.394445,22.046458,12.43202409,0.034635877,42.10996898,0.426338735,0.001450621,0.00019147,0.018246647,0.00249979,0.010375449,0.40734941,0.210903024,0.618252435,0.028290831,0.00248521,0.018668604,0.001646471,0.009622227,0.00083874,2.926847842,2.926847842,521,1312.6,595.4,NA,NA,NA,6.543299675,NA,NA,NA,NA,NA,89.18918919,NA
47,Outer Lagoon,Outer Lagoon,3,PCOM,128.9,18.5939125,7.169236553,0.038260285,69.77114833,0.6931097,0.001692776,0.000288168,0.033700525,0.00658462,0.010622384,0.510584711,0.202915625,0.713500336,0.038117423,0.005120538,0.027327977,0.003663322,0.010789447,0.001457216,3.535602854,3.504128549,545,1276,573.5,NA,NA,NA,26.2016943,NA,NA,NA,NA,NA,78.37837838,NA
48,Inner Lagoon,Outer Lagoon,3,PCOM,268.0077128,26.30362,11.16209609,0.030041411,37.33185877,0.379396411,0.001093175,0.000122563,0.015266318,0.001554164,0.006756999,0.502061927,0.231232163,0.73329409,0.027883332,0.003035201,0.019068078,0.002082526,0.008815254,0.000952675,3.165297623,3.165297623,567.6,1496.6,642.4,NA,NA,NA,6.715671078,NA,NA,NA,NA,NA,94.5945946,NA
48,Outer Lagoon,Outer Lagoon,3,PCOM,144.98,18.941218,7.581157271,0.040362053,58.41509156,0.576283616,0.00123758,0.000192467,0.022239848,0.003043467,0.009639308,0.558054713,0.224907519,0.782962233,0.040942548,0.005692416,0.029459,0.004127644,0.011483548,0.001564772,3.62809936,3.62809936,556.2,1594.6,651.4,NA,NA,NA,24.55386335,NA,NA,NA,NA,NA,86.48648649,NA
49,Inner Lagoon,Outer Lagoon,3,PCOM,315.2154753,26.6807575,11.51800228,0.042647385,44.62249024,0.447909242,0.001265051,0.000174248,0.014443981,0.001984814,0.008225101,0.41101387,0.179692196,0.590706066,0.025541847,0.002374143,0.017765563,0.001662427,0.007776283,0.000711716,3.27577037,3.27577037,617.75,1449.25,606,NA,NA,NA,17.46356329,NA,NA,NA,NA,NA,78.37837838,NA
49,Outer Lagoon,Outer Lagoon,3,PCOM,240.632222,41.225044,6.045272132,0.05708457,56.79601483,0.56089112,0.001632025,0.000238632,0.016843387,0.002443801,0.012128628,0.793722996,0.317018835,1.110741831,0.030431202,0.00497161,0.021674258,0.003569805,0.008756944,0.001401806,3.468172921,3.468172921,519.8,1493.2,653.6,NA,NA,NA,9.934521217,NA,NA,NA,NA,NA,89.18918919,NA
50,Inner Lagoon,Outer Lagoon,3,PCOM,268.5666666,28.515256,9.497966521,0.043143009,33.27340281,0.337141174,0.001279617,0.000185893,0.010703282,0.001497153,0.010139184,0.482850055,0.311498855,0.794348909,0.02715138,0.003290733,0.016526538,0.001974513,0.010624842,0.00131622,2.614715589,2.614715589,510.8,1358.8,617.6,NA,NA,NA,4.243681461,NA,NA,NA,NA,NA,86.48648649,NA
50,Outer Lagoon,Outer Lagoon,3,PCOM,183.3799998,26.660926,7.592305334,0.06038264,60.87690349,0.601147422,0.001671483,0.000247876,0.019884529,0.002590288,0.012103814,0.990107694,0.428262555,1.418370249,0.04997601,0.009930072,0.035162808,0.006842155,0.014813202,0.003087916,3.387555038,3.387555038,481.6,1336.6,640.2,NA,NA,NA,4.148438912,NA,NA,NA,NA,NA,94.5945946,NA
51,Inner Lagoon,Outer Lagoon,3,MCAP,449.851596,43.4731225,10.50174523,0.037432194,56.22494816,0.61699206,0.000714648,0.000106175,0.012812058,0.001899004,0.010476196,0.497891713,0.176075719,0.673967432,0.017797465,0.002045893,0.013216792,0.00153028,0.004580672,0.000515613,3.869772159,3.869772159,304.8,827.6,620.2,NA,NA,NA,2.946277523,NA,NA,NA,NA,NA,97.2972973,NA
51,Outer Lagoon,Outer Lagoon,3,MCAP,367.2744444,53.603968,6.86619986,0.039668225,46.52537795,0.502966519,0.000879769,0.000148473,0.011310036,0.001906277,0.010040523,1.089987322,0.480322053,1.570309376,0.029074815,0.004336105,0.020162903,0.002998663,0.008911912,0.001337442,3.265260074,3.265260074,317.8333333,845.1666667,619.3333333,NA,NA,NA,6.48718133,NA,NA,NA,NA,NA,97.2972973,NA
52,Inner Lagoon,Outer Lagoon,3,MCAP,285.753855,44.442832,6.731184588,0.041271224,62.70775634,0.69315023,0.000717374,0.000149884,0.012151099,0.002590037,0.01271256,0.507055353,0.249159723,0.756215076,0.018401652,0.002765824,0.012331616,0.001847943,0.006070036,0.000917881,3.117808139,3.117808139,328.5,995.3333333,662.3333333,NA,NA,NA,9.010292805,NA,NA,NA,NA,NA,97.2972973,NA
52,Outer Lagoon,Outer Lagoon,3,MCAP,421.0970834,60.567706,7.511478969,0.04561006,51.75139347,0.561443786,0.000774249,0.00016887,0.01025602,0.002121314,0.011081609,0.741370893,0.385608394,1.126979287,0.01980398,0.003123322,0.013201234,0.002073069,0.006602746,0.001050253,2.958913782,2.958913782,381.8,1111.2,647.8,NA,NA,NA,9.153863349,NA,NA,NA,NA,NA,100,NA
54,Inner Lagoon,Outer Lagoon,3,PCOM,137.3008498,17.988628,7.280399587,0.03275386,63.79240965,0.640847461,0.001506907,0.00023478,0.031273132,0.005356319,0.006273707,0.343266767,0.180932439,0.524199205,0.028819589,0.005546898,0.018800473,0.003604508,0.010019116,0.00194239,2.875985465,2.875985465,586,1556.75,654.25,NA,NA,NA,-2.611945465,NA,NA,NA,NA,NA,91.89189189,NA
54,Outer Lagoon,Outer Lagoon,3,PCOM,167.7875,23.308555,7.647961959,0.047559271,84.85999933,0.832990983,0.001957167,0.000276991,0.036435772,0.004680619,0.010831321,0.704279185,0.300882052,1.005161237,0.04321761,0.007095576,0.03042653,0.004945142,0.012791081,0.002150434,3.425520573,3.425520573,474,1345.4,649.4,NA,NA,NA,NA,NA,NA,NA,NA,NA,91.89189189,NA
55,Inner Lagoon,Outer Lagoon,3,MCAP,276.0171504,38.344222,7.257710416,0.030293878,61.0876815,0.666594657,0.000757127,0.000110975,0.017375547,0.002484096,0.012431316,0.46421409,0.191663201,0.655877291,0.017181726,0.00238887,0.012319167,0.001708286,0.004862559,0.000680584,3.717555176,3.717555176,431.2,1207.4,643.2,NA,NA,NA,9.905124794,NA,NA,NA,NA,NA,100,NA
55,Outer Lagoon,Outer Lagoon,3,MCAP,412.1541673,44.5375825,9.374069873,0.039470312,68.74143124,0.747138838,0.000700698,0.000115886,0.013818877,0.002279491,0.010764026,0.789090946,0.380931832,1.170022778,0.02568926,0.003318316,0.017862018,0.002310589,0.007827242,0.001007727,3.279540324,3.279540324,409.5,1143.5,642.25,NA,NA,NA,NA,NA,NA,NA,NA,NA,94.5945946,NA
56,Inner Lagoon,Outer Lagoon,3,PCOM,274.5944448,40.318558,7.124374233,0.037455318,23.51729472,0.238993186,0.001024579,0.000158082,0.007112144,0.001070348,0.010095432,0.718527143,0.391039654,1.109566797,0.027181079,0.00445645,0.017536072,0.002892962,0.009645007,0.001563488,2.811250356,2.811250356,534.6,1815,644.8,NA,NA,NA,12.72291943,NA,NA,NA,NA,NA,94.5945946,NA
56,Outer Lagoon,Outer Lagoon,3,PCOM,215.9416664,31.552696,6.844001006,0.060153801,44.49970346,0.44036607,0.001333316,0.00022971,0.010346018,0.00172004,0.009562388,0.814276597,0.367923766,1.182200363,0.037288855,0.005445285,0.025888168,0.003782045,0.011400688,0.001663241,3.315791159,3.315791159,537.5,1465.5,636.5,NA,NA,NA,11.03891495,NA,NA,NA,NA,NA,70.27027027,NA
57,Inner Lagoon,Outer Lagoon,3,PCOM,204.9007938,23.510938,8.618521666,0.03256364,32.88323354,0.3307135,0.001150221,0.000154114,0.013093278,0.001720224,0.008931669,0.615718973,0.328611393,0.944330366,0.030591824,0.003533474,0.019773671,0.002268811,0.010818154,0.001264662,2.758292873,2.758292873,641.8,1586.8,598.4,NA,NA,NA,12.20423447,NA,NA,NA,NA,NA,89.18918919,NA
57,Outer Lagoon,Outer Lagoon,3,PCOM,194.4208335,26.379895,7.302232568,0.032610443,42.3015846,0.419423127,0.001278161,0.000195338,0.016642442,0.002695022,0.008219107,0.780061362,0.335062997,1.115124359,0.041877826,0.005748683,0.029321882,0.004030989,0.012555944,0.001717695,3.348531107,3.348531107,660.25,1766.25,622.75,NA,NA,NA,14.71343039,NA,NA,NA,NA,NA,72.97297297,NA
58,Inner Lagoon,Outer Lagoon,3,PCOM,251.6323422,23.552974,10.49288333,0.035559022,34.20235995,0.345074892,0.001414682,0.000165882,0.014218245,0.001654948,0.007892696,0.451394475,0.245793678,0.697188153,0.029932814,0.002927041,0.019378252,0.001898925,0.010554562,0.001028116,2.818279885,2.818279885,610.25,1478.75,594,NA,NA,NA,6.640479481,NA,NA,NA,NA,NA,97.2972973,NA
58,Outer Lagoon,Outer Lagoon,3,PCOM,284.8788894,30.23941,9.822326083,0.058064921,49.49979906,0.489692926,0.001641256,0.000208188,0.015632586,0.001993018,0.01078487,0.806410996,0.380969272,1.187380268,0.039406818,0.004419513,0.026868263,0.003017591,0.012538555,0.001401922,3.107300371,3.107300371,471.5,1286.25,617.25,NA,NA,NA,15.24987571,NA,NA,NA,NA,NA,94.5945946,NA
59,Inner Lagoon,Outer Lagoon,3,PCOM,191.5961696,20.480278,9.474385096,0.026767622,35.58955477,0.366728264,0.001226646,0.000166644,0.016895789,0.002383735,0.008119927,0.489866964,0.264150014,0.754016977,0.0369896,0.003975675,0.024062835,0.002589485,0.012926765,0.00138619,2.873580658,2.873580658,429.5,1263.5,661,NA,NA,NA,21.62232808,NA,NA,NA,NA,NA,89.18918919,NA
59,Outer Lagoon,Outer Lagoon,3,PCOM,181.6583333,39.69751,7.066806616,0.028344354,52.58969133,0.518771272,0.001161726,0.000158634,0.023321188,0.003091487,0.010249668,0.449518733,0.197461732,0.646980464,0.029952162,0.004033221,0.021015536,0.002814391,0.008936625,0.001218831,3.313718691,3.313718691,568.2,1676.8,655,NA,NA,NA,6.597132886,NA,NA,NA,NA,NA,78.37837838,NA
60,Inner Lagoon,Outer Lagoon,3,PCOM,183.6566664,22.576654,7.882692666,0.032644727,48.98886381,0.50891687,0.001420178,0.00022204,0.023485038,0.00339083,0.00788548,0.61983674,0.24543979,0.86527653,0.037054544,0.004696215,0.02655307,0.003367067,0.010501474,0.001329148,3.538645507,3.538645507,681,1491,543,NA,NA,NA,9.419459695,NA,NA,NA,NA,NA,83.78378378,NA
60,Outer Lagoon,Outer Lagoon,3,PCOM,223.4708335,36.115975,6.570883849,0.057093882,63.53094589,0.628683832,0.001450227,0.000207604,0.019389565,0.002770878,0.011211558,0.70787185,0.29311852,1.000990369,0.045281891,0.006889255,0.032020898,0.004871921,0.013260994,0.002017335,3.413161563,3.413161563,561.2,1581.6,649.6,NA,NA,NA,14.48773518,NA,NA,NA,NA,NA,83.78378378,NA
65,Inner Lagoon,Inner Lagoon,3,PCOM,196.3755558,21.637624,9.058632018,0.021830414,23.30493856,0.239740491,0.000968942,0.000149227,0.011183894,0.0016957,0.008401312,0.378154396,0.207453721,0.585608117,0.027552389,0.003471108,0.017882882,0.002252337,0.009669507,0.001218772,2.844374553,2.844374553,547,1575.75,655.5,NA,NA,NA,8.1153569,NA,NA,NA,NA,NA,91.89189189,NA
65,Outer Lagoon,Inner Lagoon,3,PCOM,206.1922224,29.93431,6.841632708,0.051097005,39.72135786,0.389921224,0.001337099,0.000184291,0.011423414,0.001481673,0.010976715,0.721108958,0.316502593,1.037611551,0.03557126,0.005132597,0.025052763,0.003600004,0.010518497,0.001532593,3.350501992,3.350501992,492.75,1231.5,650,NA,NA,NA,9.141016459,NA,NA,NA,NA,NA,72.97297297,NA
71,Inner Lagoon,Inner Lagoon,3,MCAP,290.6592112,35.38543,8.534588855,0.049860841,69.18322003,0.762714118,0.000901758,0.000147024,0.014645378,0.002225366,0.014517663,0.427714743,0.142906219,0.570620961,0.01876569,0.002186241,0.013980547,0.001616299,0.004785144,0.000569942,4.013818313,4.013818313,352,1032.6,664.8,NA,NA,NA,10.26465669,NA,NA,NA,NA,NA,97.2972973,NA
71,Outer Lagoon,Inner Lagoon,3,MCAP,362.9211106,54.23383,6.624844835,0.050817869,91.8062373,0.997528958,0.000878919,0.000169346,0.019007163,0.003751024,0.015061474,0.788242246,0.348800445,1.137042691,0.021934945,0.003163752,0.015212063,0.002199345,0.006722882,0.000964407,3.259992175,3.259992175,359.5,1041.5,654.5,NA,NA,NA,5.100296714,NA,NA,NA,NA,NA,100,NA
72,Inner Lagoon,Inner Lagoon,3,MCAP,249.7957968,41.489125,6.200163212,0.046367456,46.34786481,0.509396406,0.000860016,0.0001611,0.010951262,0.002224509,0.009153014,0.67249574,0.235428355,0.907924095,0.022336357,0.003593727,0.016228008,0.00261145,0.006108348,0.000982277,3.695808405,3.695808405,423.5,1249,660.8333333,NA,NA,NA,12.78689639,NA,NA,NA,NA,NA,91.89189189,NA
72,Outer Lagoon,Inner Lagoon,3,MCAP,359.4544442,27.163324,11.08473047,0.055898706,84.65503747,0.931374876,0.000935727,0.000128969,0.018386692,0.002510336,0.009988074,0.523217115,0.248382648,0.771599763,0.03080274,0.003563407,0.02144723,0.002506697,0.00935551,0.00105671,3.286654802,3.286654802,293,931.6666667,685,NA,NA,NA,6.599107112,NA,NA,NA,NA,NA,97.2972973,NA
96,Inner Lagoon,Inner Lagoon,3,PCOM,250.0963962,19.225978,13.03894129,0.021330322,29.29810551,0.296117086,0.000903735,0.000125975,0.013995585,0.001810593,0.00645854,0.442295932,0.201334788,0.643630719,0.031260129,0.002745468,0.021463023,0.001866703,0.009797106,0.000878766,3.125081611,3.125081611,465.4,1190.8,587.2,NA,NA,NA,NA,NA,NA,NA,NA,NA,89.18918919,NA
96,Outer Lagoon,Inner Lagoon,3,PCOM,156.8583333,24.5264125,6.466983514,0.032797142,41.99364896,0.414081469,0.001108079,0.000213238,0.014188913,0.002664876,0.010200063,0.677956208,0.277661675,0.955617882,0.037606533,0.005857675,0.026512988,0.00413181,0.011093545,0.001725866,3.364800175,3.364800175,497.5,1434.25,640.75,NA,NA,NA,25.57022754,NA,NA,NA,NA,NA,81.08108108,NA
98,Inner Lagoon,Inner Lagoon,3,PCOM,364.6566662,34.586068,10.20424897,0.037641227,40.66555702,0.412725752,0.00125776,0.000148055,0.016240866,0.002042893,0.008507916,0.615171071,0.310764591,0.925935662,0.025902373,0.002701005,0.017154672,0.00178153,0.0087477,0.000919475,2.97626386,2.97626386,526.25,1532,642.5,NA,NA,NA,21.9666189,NA,NA,NA,NA,NA,86.48648649,NA
98,Outer Lagoon,Inner Lagoon,3,PCOM,229.9236115,36.69736,7.169511004,0.062330991,74.28274772,0.731553818,0.001492403,0.000242755,0.018081405,0.002988523,0.009737771,0.86373197,0.396311447,1.260043417,0.036115207,0.005594122,0.024748983,0.003840019,0.011366225,0.001754103,3.180901953,3.180901953,530.5,1434,628.75,NA,NA,NA,16.33736043,NA,NA,NA,NA,NA,91.89189189,NA
121,Inner Lagoon,Inner Lagoon,4.5,MCAP,NA,NA,NA,NA,NA,NA,NA,NA,NA,NA,NA,NA,NA,NA,NA,NA,NA,NA,NA,NA,NA,NA,377.4,895.4,577.4,NA,NA,NA,NA,NA,NA,NA,NA,NA,NA,NA
121,Outer Lagoon,Inner Lagoon,4.5,MCAP,NA,NA,NA,NA,NA,NA,NA,NA,NA,NA,NA,NA,NA,NA,NA,NA,NA,NA,NA,NA,NA,NA,401.8,1057.8,619.2,NA,NA,NA,NA,NA,NA,NA,NA,NA,NA,NA
125,Inner Lagoon,Inner Lagoon,4.5,MCAP,NA,NA,NA,NA,NA,NA,NA,NA,NA,NA,NA,NA,NA,NA,NA,NA,NA,NA,NA,NA,NA,NA,378.5,1003.25,622.25,NA,NA,NA,NA,NA,NA,NA,NA,NA,NA,NA
125,Outer Lagoon,Inner Lagoon,4.5,MCAP,NA,NA,NA,NA,NA,NA,NA,NA,NA,NA,NA,NA,NA,NA,NA,NA,NA,NA,NA,NA,NA,NA,397,1083.25,634.5,NA,NA,NA,NA,NA,NA,NA,NA,NA,NA,NA
143,Inner Lagoon,Outer Lagoon,4.5,MCAP,NA,NA,NA,NA,NA,NA,NA,NA,NA,NA,NA,NA,NA,NA,NA,NA,NA,NA,NA,NA,NA,NA,439.8,1061.8,582.8,NA,NA,NA,NA,NA,NA,NA,NA,NA,NA,NA
143,Outer Lagoon,Outer Lagoon,4.5,MCAP,NA,NA,NA,NA,NA,NA,NA,NA,NA,NA,NA,NA,NA,NA,NA,NA,NA,NA,NA,NA,NA,NA,460.2,1245,628.6,NA,NA,NA,NA,NA,NA,NA,NA,NA,NA,NA
144,Inner Lagoon,Outer Lagoon,4.5,MCAP,NA,NA,NA,NA,NA,NA,NA,NA,NA,NA,NA,NA,NA,NA,NA,NA,NA,NA,NA,NA,NA,NA,432.6,1040.4,583.6,NA,NA,NA,NA,NA,NA,NA,NA,NA,NA,NA
144,Outer Lagoon,Outer Lagoon,4.5,MCAP,NA,NA,NA,NA,NA,NA,NA,NA,NA,NA,NA,NA,NA,NA,NA,NA,NA,NA,NA,NA,NA,NA,436.6,1089.6,594,NA,NA,NA,NA,NA,NA,NA,NA,NA,NA,NA
151,Inner Lagoon,Inner Lagoon,4.5,PCOM,NA,NA,NA,NA,NA,NA,NA,NA,NA,NA,NA,NA,NA,NA,NA,NA,NA,NA,NA,NA,NA,NA,413.4,1055,606.2,NA,NA,NA,NA,NA,NA,NA,NA,NA,NA,NA
151,Outer Lagoon,Inner Lagoon,4.5,PCOM,NA,NA,NA,NA,NA,NA,NA,NA,NA,NA,NA,NA,NA,NA,NA,NA,NA,NA,NA,NA,NA,NA,353.5,894,598.5,NA,NA,NA,NA,NA,NA,NA,NA,NA,NA,NA
152,Inner Lagoon,Inner Lagoon,4.5,PCOM,NA,NA,NA,NA,NA,NA,NA,NA,NA,NA,NA,NA,NA,NA,NA,NA,NA,NA,NA,NA,NA,NA,483.4,1180.8,590.6,NA,NA,NA,NA,NA,NA,NA,NA,NA,NA,NA
152,Outer Lagoon,Inner Lagoon,4.5,PCOM,NA,NA,NA,NA,NA,NA,NA,NA,NA,NA,NA,NA,NA,NA,NA,NA,NA,NA,NA,NA,NA,NA,405.8,1081.2,624,NA,NA,NA,NA,NA,NA,NA,NA,NA,NA,NA
153,Inner Lagoon,Inner Lagoon,4.5,PCOM,NA,NA,NA,NA,NA,NA,NA,NA,NA,NA,NA,NA,NA,NA,NA,NA,NA,NA,NA,NA,NA,NA,428.75,1085.25,604.5,NA,NA,NA,NA,NA,NA,NA,NA,NA,NA,NA
153,Outer Lagoon,Inner Lagoon,4.5,PCOM,NA,NA,NA,NA,NA,NA,NA,NA,NA,NA,NA,NA,NA,NA,NA,NA,NA,NA,NA,NA,NA,NA,415.6,1071,611.6,NA,NA,NA,NA,NA,NA,NA,NA,NA,NA,NA
154,Inner Lagoon,Inner Lagoon,4.5,PCOM,NA,NA,NA,NA,NA,NA,NA,NA,NA,NA,NA,NA,NA,NA,NA,NA,NA,NA,NA,NA,NA,NA,407.6,971.2,581.4,NA,NA,NA,NA,NA,NA,NA,NA,NA,NA,NA
154,Outer Lagoon,Inner Lagoon,4.5,PCOM,NA,NA,NA,NA,NA,NA,NA,NA,NA,NA,NA,NA,NA,NA,NA,NA,NA,NA,NA,NA,NA,NA,440,1196.6,631.8,NA,NA,NA,NA,NA,NA,NA,NA,NA,NA,NA
156,Inner Lagoon,Inner Lagoon,4.5,PCOM,NA,NA,NA,NA,NA,NA,NA,NA,NA,NA,NA,NA,NA,NA,NA,NA,NA,NA,NA,NA,NA,NA,448.4,1082.2,587.2,NA,NA,NA,NA,NA,NA,NA,NA,NA,NA,NA
156,Outer Lagoon,Inner Lagoon,4.5,PCOM,NA,NA,NA,NA,NA,NA,NA,NA,NA,NA,NA,NA,NA,NA,NA,NA,NA,NA,NA,NA,NA,NA,426,1128.2,623.2,NA,NA,NA,NA,NA,NA,NA,NA,NA,NA,NA
157,Inner Lagoon,Inner Lagoon,4.5,PCOM,NA,NA,NA,NA,NA,NA,NA,NA,NA,NA,NA,NA,NA,NA,NA,NA,NA,NA,NA,NA,NA,NA,362.5,969.5,619,NA,NA,NA,NA,NA,NA,NA,NA,NA,NA,NA
157,Outer Lagoon,Inner Lagoon,4.5,PCOM,NA,NA,NA,NA,NA,NA,NA,NA,NA,NA,NA,NA,NA,NA,NA,NA,NA,NA,NA,NA,NA,NA,399.2,1004.8,602.4,NA,NA,NA,NA,NA,NA,NA,NA,NA,NA,NA
158,Inner Lagoon,Inner Lagoon,4.5,PCOM,NA,NA,NA,NA,NA,NA,NA,NA,NA,NA,NA,NA,NA,NA,NA,NA,NA,NA,NA,NA,NA,NA,412,922.3333333,553,NA,NA,NA,NA,NA,NA,NA,NA,NA,NA,NA
158,Outer Lagoon,Inner Lagoon,4.5,PCOM,NA,NA,NA,NA,NA,NA,NA,NA,NA,NA,NA,NA,NA,NA,NA,NA,NA,NA,NA,NA,NA,NA,365.4,957,619.8,NA,NA,NA,NA,NA,NA,NA,NA,NA,NA,NA
162,Inner Lagoon,Inner Lagoon,4.5,MCAP,NA,NA,NA,NA,NA,NA,NA,NA,NA,NA,NA,NA,NA,NA,NA,NA,NA,NA,NA,NA,NA,NA,381.6,985.8,604.8,NA,NA,NA,NA,NA,NA,NA,NA,NA,NA,NA
162,Outer Lagoon,Inner Lagoon,4.5,MCAP,NA,NA,NA,NA,NA,NA,NA,NA,NA,NA,NA,NA,NA,NA,NA,NA,NA,NA,NA,NA,NA,NA,348.8,966.6,635.6,NA,NA,NA,NA,NA,NA,NA,NA,NA,NA,NA
163,Inner Lagoon,Inner Lagoon,4.5,MCAP,NA,NA,NA,NA,NA,NA,NA,NA,NA,NA,NA,NA,NA,NA,NA,NA,NA,NA,NA,NA,NA,NA,449.6,1204.4,625,NA,NA,NA,NA,NA,NA,NA,NA,NA,NA,NA
163,Outer Lagoon,Inner Lagoon,4.5,MCAP,NA,NA,NA,NA,NA,NA,NA,NA,NA,NA,NA,NA,NA,NA,NA,NA,NA,NA,NA,NA,NA,NA,350,1008.6,653.4,NA,NA,NA,NA,NA,NA,NA,NA,NA,NA,NA
166,Inner Lagoon,Inner Lagoon,4.5,MCAP,NA,NA,NA,NA,NA,NA,NA,NA,NA,NA,NA,NA,NA,NA,NA,NA,NA,NA,NA,NA,NA,NA,399.4,1004.2,602,NA,NA,NA,NA,NA,NA,NA,NA,NA,NA,NA
166,Outer Lagoon,Inner Lagoon,4.5,MCAP,NA,NA,NA,NA,NA,NA,NA,NA,NA,NA,NA,NA,NA,NA,NA,NA,NA,NA,NA,NA,NA,NA,331,891,624.2,NA,NA,NA,NA,NA,NA,NA,NA,NA,NA,NA
167,Inner Lagoon,Inner Lagoon,4.5,MCAP,NA,NA,NA,NA,NA,NA,NA,NA,NA,NA,NA,NA,NA,NA,NA,NA,NA,NA,NA,NA,NA,NA,364,952,610.6,NA,NA,NA,NA,NA,NA,NA,NA,NA,NA,NA
167,Outer Lagoon,Inner Lagoon,4.5,MCAP,NA,NA,NA,NA,NA,NA,NA,NA,NA,NA,NA,NA,NA,NA,NA,NA,NA,NA,NA,NA,NA,NA,415.6,1164.4,641.8,NA,NA,NA,NA,NA,NA,NA,NA,NA,NA,NA
169,Inner Lagoon,Inner Lagoon,4.5,MCAP,NA,NA,NA,NA,NA,NA,NA,NA,NA,NA,NA,NA,NA,NA,NA,NA,NA,NA,NA,NA,NA,NA,362.2,1016.8,643.2,NA,NA,NA,NA,NA,NA,NA,NA,NA,NA,NA
169,Outer Lagoon,Inner Lagoon,4.5,MCAP,NA,NA,NA,NA,NA,NA,NA,NA,NA,NA,NA,NA,NA,NA,NA,NA,NA,NA,NA,NA,NA,NA,470.6,1321,641,NA,NA,NA,NA,NA,NA,NA,NA,NA,NA,NA
170,Inner Lagoon,Inner Lagoon,4.5,MCAP,NA,NA,NA,NA,NA,NA,NA,NA,NA,NA,NA,NA,NA,NA,NA,NA,NA,NA,NA,NA,NA,NA,368.6,918.6,599.4,NA,NA,NA,NA,NA,NA,NA,NA,NA,NA,NA
170,Outer Lagoon,Inner Lagoon,4.5,MCAP,NA,NA,NA,NA,NA,NA,NA,NA,NA,NA,NA,NA,NA,NA,NA,NA,NA,NA,NA,NA,NA,NA,412.8,1076.8,616.8,NA,NA,NA,NA,NA,NA,NA,NA,NA,NA,NA
208,Inner Lagoon,Outer Lagoon,4.5,MCAP,NA,NA,NA,NA,NA,NA,NA,NA,NA,NA,NA,NA,NA,NA,NA,NA,NA,NA,NA,NA,NA,NA,339,1081,685,NA,NA,NA,NA,NA,NA,NA,NA,NA,NA,NA
208,Outer Lagoon,Outer Lagoon,4.5,MCAP,NA,NA,NA,NA,NA,NA,NA,NA,NA,NA,NA,NA,NA,NA,NA,NA,NA,NA,NA,NA,NA,NA,380,1084.2,648,NA,NA,NA,NA,NA,NA,NA,NA,NA,NA,NA
21,Inner Lagoon,Outer Lagoon,4.5,MCAP,NA,NA,NA,NA,NA,NA,NA,NA,NA,NA,NA,NA,NA,NA,NA,NA,NA,NA,NA,NA,NA,NA,317.8,812.8,597.8,NA,NA,NA,NA,NA,NA,NA,NA,NA,NA,NA
21,Outer Lagoon,Outer Lagoon,4.5,MCAP,NA,NA,NA,NA,NA,NA,NA,NA,NA,NA,NA,NA,NA,NA,NA,NA,NA,NA,NA,NA,NA,NA,339.4,906.4,625.6,NA,NA,NA,NA,NA,NA,NA,NA,NA,NA,NA
22,Inner Lagoon,Outer Lagoon,4.5,MCAP,NA,NA,NA,NA,NA,NA,NA,NA,NA,NA,NA,NA,NA,NA,NA,NA,NA,NA,NA,NA,NA,NA,347,878,603,NA,NA,NA,NA,NA,NA,NA,NA,NA,NA,NA
22,Outer Lagoon,Outer Lagoon,4.5,MCAP,NA,NA,NA,NA,NA,NA,NA,NA,NA,NA,NA,NA,NA,NA,NA,NA,NA,NA,NA,NA,NA,NA,352.6,1028.6,657.2,NA,NA,NA,NA,NA,NA,NA,NA,NA,NA,NA
23,Inner Lagoon,Outer Lagoon,4.5,MCAP,NA,NA,NA,NA,NA,NA,NA,NA,NA,NA,NA,NA,NA,NA,NA,NA,NA,NA,NA,NA,NA,NA,407.6666667,1124,637.5,NA,NA,NA,NA,NA,NA,NA,NA,NA,NA,NA
23,Outer Lagoon,Outer Lagoon,4.5,MCAP,NA,NA,NA,NA,NA,NA,NA,NA,NA,NA,NA,NA,NA,NA,NA,NA,NA,NA,NA,NA,NA,NA,423.25,1133.75,624.25,NA,NA,NA,NA,NA,NA,NA,NA,NA,NA,NA
24,Inner Lagoon,Outer Lagoon,4.5,MCAP,NA,NA,NA,NA,NA,NA,NA,NA,NA,NA,NA,NA,NA,NA,NA,NA,NA,NA,NA,NA,NA,NA,337,863.8,607.8,NA,NA,NA,NA,NA,NA,NA,NA,NA,NA,NA
24,Outer Lagoon,Outer Lagoon,4.5,MCAP,NA,NA,NA,NA,NA,NA,NA,NA,NA,NA,NA,NA,NA,NA,NA,NA,NA,NA,NA,NA,NA,NA,333,1000.2,664.4,NA,NA,NA,NA,NA,NA,NA,NA,NA,NA,NA
47,Inner Lagoon,Outer Lagoon,4.5,PCOM,NA,NA,NA,NA,NA,NA,NA,NA,NA,NA,NA,NA,NA,NA,NA,NA,NA,NA,NA,NA,NA,NA,409.4,977,578.2,NA,NA,NA,NA,NA,NA,NA,NA,NA,NA,NA
47,Outer Lagoon,Outer Lagoon,4.5,PCOM,NA,NA,NA,NA,NA,NA,NA,NA,NA,NA,NA,NA,NA,NA,NA,NA,NA,NA,NA,NA,NA,NA,380.5,899,573.5,NA,NA,NA,NA,NA,NA,NA,NA,NA,NA,NA
48,Inner Lagoon,Outer Lagoon,4.5,PCOM,NA,NA,NA,NA,NA,NA,NA,NA,NA,NA,NA,NA,NA,NA,NA,NA,NA,NA,NA,NA,NA,NA,435.2,1057.8,588.8,NA,NA,NA,NA,NA,NA,NA,NA,NA,NA,NA
48,Outer Lagoon,Outer Lagoon,4.5,PCOM,NA,NA,NA,NA,NA,NA,NA,NA,NA,NA,NA,NA,NA,NA,NA,NA,NA,NA,NA,NA,NA,NA,380.2,1062.6,643.6,NA,NA,NA,NA,NA,NA,NA,NA,NA,NA,NA
49,Inner Lagoon,Outer Lagoon,4.5,PCOM,NA,NA,NA,NA,NA,NA,NA,NA,NA,NA,NA,NA,NA,NA,NA,NA,NA,NA,NA,NA,NA,NA,377.75,1066.5,645.25,NA,NA,NA,NA,NA,NA,NA,NA,NA,NA,NA
49,Outer Lagoon,Outer Lagoon,4.5,PCOM,NA,NA,NA,NA,NA,NA,NA,NA,NA,NA,NA,NA,NA,NA,NA,NA,NA,NA,NA,NA,NA,NA,395.2,1205,669,NA,NA,NA,NA,NA,NA,NA,NA,NA,NA,NA
50,Inner Lagoon,Outer Lagoon,4.5,PCOM,NA,NA,NA,NA,NA,NA,NA,NA,NA,NA,NA,NA,NA,NA,NA,NA,NA,NA,NA,NA,NA,NA,382.2,1000,615.6,NA,NA,NA,NA,NA,NA,NA,NA,NA,NA,NA
50,Outer Lagoon,Outer Lagoon,4.5,PCOM,NA,NA,NA,NA,NA,NA,NA,NA,NA,NA,NA,NA,NA,NA,NA,NA,NA,NA,NA,NA,NA,NA,372,973.2,617.4,NA,NA,NA,NA,NA,NA,NA,NA,NA,NA,NA
51,Inner Lagoon,Outer Lagoon,4.5,MCAP,NA,NA,NA,NA,NA,NA,NA,NA,NA,NA,NA,NA,NA,NA,NA,NA,NA,NA,NA,NA,NA,NA,313,737.4,574.4,NA,NA,NA,NA,NA,NA,NA,NA,NA,NA,NA
51,Outer Lagoon,Outer Lagoon,4.5,MCAP,NA,NA,NA,NA,NA,NA,NA,NA,NA,NA,NA,NA,NA,NA,NA,NA,NA,NA,NA,NA,NA,NA,355.1666667,955.1666667,630.1666667,NA,NA,NA,NA,NA,NA,NA,NA,NA,NA,NA
52,Inner Lagoon,Outer Lagoon,4.5,MCAP,NA,NA,NA,NA,NA,NA,NA,NA,NA,NA,NA,NA,NA,NA,NA,NA,NA,NA,NA,NA,NA,NA,370.1666667,954.3333333,605.6666667,NA,NA,NA,NA,NA,NA,NA,NA,NA,NA,NA
52,Outer Lagoon,Outer Lagoon,4.5,MCAP,NA,NA,NA,NA,NA,NA,NA,NA,NA,NA,NA,NA,NA,NA,NA,NA,NA,NA,NA,NA,NA,NA,365.4,935.4,600.6,NA,NA,NA,NA,NA,NA,NA,NA,NA,NA,NA
54,Inner Lagoon,Outer Lagoon,4.5,PCOM,NA,NA,NA,NA,NA,NA,NA,NA,NA,NA,NA,NA,NA,NA,NA,NA,NA,NA,NA,NA,NA,NA,417,996.5,578.25,NA,NA,NA,NA,NA,NA,NA,NA,NA,NA,NA
54,Outer Lagoon,Outer Lagoon,4.5,PCOM,NA,NA,NA,NA,NA,NA,NA,NA,NA,NA,NA,NA,NA,NA,NA,NA,NA,NA,NA,NA,NA,NA,388.2,1021.8,618.6,NA,NA,NA,NA,NA,NA,NA,NA,NA,NA,NA
55,Inner Lagoon,Outer Lagoon,4.5,MCAP,NA,NA,NA,NA,NA,NA,NA,NA,NA,NA,NA,NA,NA,NA,NA,NA,NA,NA,NA,NA,NA,NA,394.8,956.2,584.8,NA,NA,NA,NA,NA,NA,NA,NA,NA,NA,NA
55,Outer Lagoon,Outer Lagoon,4.5,MCAP,NA,NA,NA,NA,NA,NA,NA,NA,NA,NA,NA,NA,NA,NA,NA,NA,NA,NA,NA,NA,NA,NA,471.25,1254.75,623.25,NA,NA,NA,NA,NA,NA,NA,NA,NA,NA,NA
56,Inner Lagoon,Outer Lagoon,4.5,PCOM,NA,NA,NA,NA,NA,NA,NA,NA,NA,NA,NA,NA,NA,NA,NA,NA,NA,NA,NA,NA,NA,NA,447,1255.8,644,NA,NA,NA,NA,NA,NA,NA,NA,NA,NA,NA
56,Outer Lagoon,Outer Lagoon,4.5,PCOM,NA,NA,NA,NA,NA,NA,NA,NA,NA,NA,NA,NA,NA,NA,NA,NA,NA,NA,NA,NA,NA,NA,368,984,620.5,NA,NA,NA,NA,NA,NA,NA,NA,NA,NA,NA
57,Inner Lagoon,Outer Lagoon,4.5,PCOM,NA,NA,NA,NA,NA,NA,NA,NA,NA,NA,NA,NA,NA,NA,NA,NA,NA,NA,NA,NA,NA,NA,457.4,1157.2,604.2,NA,NA,NA,NA,NA,NA,NA,NA,NA,NA,NA
57,Outer Lagoon,Outer Lagoon,4.5,PCOM,NA,NA,NA,NA,NA,NA,NA,NA,NA,NA,NA,NA,NA,NA,NA,NA,NA,NA,NA,NA,NA,NA,413.5,1031.5,597.25,NA,NA,NA,NA,NA,NA,NA,NA,NA,NA,NA
58,Inner Lagoon,Outer Lagoon,4.5,PCOM,NA,NA,NA,NA,NA,NA,NA,NA,NA,NA,NA,NA,NA,NA,NA,NA,NA,NA,NA,NA,NA,NA,402.75,1083.25,627.5,NA,NA,NA,NA,NA,NA,NA,NA,NA,NA,NA
58,Outer Lagoon,Outer Lagoon,4.5,PCOM,NA,NA,NA,NA,NA,NA,NA,NA,NA,NA,NA,NA,NA,NA,NA,NA,NA,NA,NA,NA,NA,NA,428.75,1090.25,609.25,NA,NA,NA,NA,NA,NA,NA,NA,NA,NA,NA
59,Inner Lagoon,Outer Lagoon,4.5,PCOM,NA,NA,NA,NA,NA,NA,NA,NA,NA,NA,NA,NA,NA,NA,NA,NA,NA,NA,NA,NA,NA,NA,349.5,1007,652.5,NA,NA,NA,NA,NA,NA,NA,NA,NA,NA,NA
59,Outer Lagoon,Outer Lagoon,4.5,PCOM,NA,NA,NA,NA,NA,NA,NA,NA,NA,NA,NA,NA,NA,NA,NA,NA,NA,NA,NA,NA,NA,NA,393.2,1009.4,609.4,NA,NA,NA,NA,NA,NA,NA,NA,NA,NA,NA
60,Inner Lagoon,Outer Lagoon,4.5,PCOM,NA,NA,NA,NA,NA,NA,NA,NA,NA,NA,NA,NA,NA,NA,NA,NA,NA,NA,NA,NA,NA,NA,380,803,526,NA,NA,NA,NA,NA,NA,NA,NA,NA,NA,NA
60,Outer Lagoon,Outer Lagoon,4.5,PCOM,NA,NA,NA,NA,NA,NA,NA,NA,NA,NA,NA,NA,NA,NA,NA,NA,NA,NA,NA,NA,NA,NA,412.8,1048.8,607.2,NA,NA,NA,NA,NA,NA,NA,NA,NA,NA,NA
65,Inner Lagoon,Inner Lagoon,4.5,PCOM,NA,NA,NA,NA,NA,NA,NA,NA,NA,NA,NA,NA,NA,NA,NA,NA,NA,NA,NA,NA,NA,NA,442,1157,617,NA,NA,NA,NA,NA,NA,NA,NA,NA,NA,NA
65,Outer Lagoon,Inner Lagoon,4.5,PCOM,NA,NA,NA,NA,NA,NA,NA,NA,NA,NA,NA,NA,NA,NA,NA,NA,NA,NA,NA,NA,NA,NA,375,1007,627.5,NA,NA,NA,NA,NA,NA,NA,NA,NA,NA,NA
71,Inner Lagoon,Inner Lagoon,4.5,MCAP,NA,NA,NA,NA,NA,NA,NA,NA,NA,NA,NA,NA,NA,NA,NA,NA,NA,NA,NA,NA,NA,NA,364.4,980.6,629.2,NA,NA,NA,NA,NA,NA,NA,NA,NA,NA,NA
71,Outer Lagoon,Inner Lagoon,4.5,MCAP,NA,NA,NA,NA,NA,NA,NA,NA,NA,NA,NA,NA,NA,NA,NA,NA,NA,NA,NA,NA,NA,NA,409.4,1112.6,634,NA,NA,NA,NA,NA,NA,NA,NA,NA,NA,NA
72,Inner Lagoon,Inner Lagoon,4.5,MCAP,NA,NA,NA,NA,NA,NA,NA,NA,NA,NA,NA,NA,NA,NA,NA,NA,NA,NA,NA,NA,NA,NA,410,1051.833333,598.8333333,NA,NA,NA,NA,NA,NA,NA,NA,NA,NA,NA
72,Outer Lagoon,Inner Lagoon,4.5,MCAP,NA,NA,NA,NA,NA,NA,NA,NA,NA,NA,NA,NA,NA,NA,NA,NA,NA,NA,NA,NA,NA,NA,371.5,904,591,NA,NA,NA,NA,NA,NA,NA,NA,NA,NA,NA
96,Inner Lagoon,Inner Lagoon,4.5,PCOM,NA,NA,NA,NA,NA,NA,NA,NA,NA,NA,NA,NA,NA,NA,NA,NA,NA,NA,NA,NA,NA,NA,425.8,1004,570.6,NA,NA,NA,NA,NA,NA,NA,NA,NA,NA,NA
96,Outer Lagoon,Inner Lagoon,4.5,PCOM,NA,NA,NA,NA,NA,NA,NA,NA,NA,NA,NA,NA,NA,NA,NA,NA,NA,NA,NA,NA,NA,NA,429,1073.25,596.5,NA,NA,NA,NA,NA,NA,NA,NA,NA,NA,NA
98,Inner Lagoon,Inner Lagoon,4.5,PCOM,NA,NA,NA,NA,NA,NA,NA,NA,NA,NA,NA,NA,NA,NA,NA,NA,NA,NA,NA,NA,NA,NA,442.6,1142,608.2,NA,NA,NA,NA,NA,NA,NA,NA,NA,NA,NA
98,Outer Lagoon,Inner Lagoon,4.5,PCOM,NA,NA,NA,NA,NA,NA,NA,NA,NA,NA,NA,NA,NA,NA,NA,NA,NA,NA,NA,NA,NA,NA,386.5,995.5,610.75,NA,NA,NA,NA,NA,NA,NA,NA,NA,NA,NA
121,Inner Lagoon,Inner Lagoon,6,MCAP,235.6111115,41.61964,5.538860368,0.026605365,73.38264636,0.429138283,0.000782681,0.000146883,0.009967131,0.002012526,0.00924269,0.401307239,0.192807121,0.59411436,0.014554911,0.002717346,0.00980623,0.0018281,0.00474868,0.000889247,3.101774235,3.101774235,NA,NA,NA,39.77476229,0.0444375,0.397747623,17.42205221,0.164,55.685,1,0.5,0.886224454,100,1.772448908
121,Outer Lagoon,Inner Lagoon,6,MCAP,287.7666668,64.05466,4.708200415,0.053843761,159.6635969,0.922910965,0.000819993,0.000188057,0.01867907,0.004015482,0.010671676,0.883508378,0.329564458,1.213072836,0.018423634,0.004098484,0.013350543,0.002980624,0.005073091,0.001117861,3.55109336,3.55109336,NA,NA,NA,NA,NA,NA,NA,8.031,43.32,5.873373124,0.9,2.395115763,100,2.661239737
125,Inner Lagoon,Inner Lagoon,6,MCAP,238.3333337,55.22258,4.346283163,0.041986336,63.71943817,0.372628293,0.000742071,0.0001706,0.006510133,0.001491505,0.014259259,0.899977911,0.381962366,1.281940277,0.020400848,0.004733382,0.014051212,0.003282326,0.006349637,0.001451057,3.455686313,3.455686313,NA,NA,NA,45.08301405,0.07280625,0.450830141,8.856050737,1.667,4.506,1,0.5,0.477351694,57.14285714,0.954703388
125,Outer Lagoon,Inner Lagoon,6,MCAP,244.0888885,44.99269,5.717210857,0.038715568,159.7980615,0.923688217,0.000893093,0.000160557,0.025473196,0.004194826,0.011534682,0.6793215,0.343768216,1.023089716,0.023524494,0.004242632,0.0157004,0.002829562,0.007824094,0.00141307,2.997317585,2.997317585,NA,NA,NA,41.66029293,0.09375,0.416602929,10.8808284,1.474,12.55,3.591223744,0.9,1.939922547,80.95238095,2.155469497
143,Inner Lagoon,Outer Lagoon,6,MCAP,268.838889,61.10536,5.222106793,0.030223347,46.54423072,0.272188484,0.000556024,0.000111783,0.006705897,0.001104107,0.009836257,0.498307744,0.261432696,0.75974044,0.014509575,0.002973878,0.009623892,0.001955949,0.004885682,0.001017929,2.933741739,2.933741739,NA,NA,NA,51.79851511,0.1004,0.517985151,3.859109654,1.78,15.79,4.495931752,0.8,1.135191825,95.23809524,1.418989781
143,Outer Lagoon,Outer Lagoon,6,MCAP,280.390556,63.4648,4.37818182,0.050770331,79.96619699,0.462232353,0.00078856,0.00018461,0.007593097,0.001811284,0.009144509,0.832815818,0.372951619,1.205767437,0.018892459,0.004364982,0.013047261,0.003020971,0.005845197,0.001344011,3.24618439,3.24618439,NA,NA,NA,40.21739131,0.061303125,0.402173913,4.872429219,2.641,0.298,3.961206772,0.9,1.570301344,95.23809524,1.744779271
144,Inner Lagoon,Outer Lagoon,6,MCAP,217.0694448,32.8793725,6.908433077,0.023144566,67.34215138,0.393813751,0.000599518,9.02E-05,0.013127338,0.001938733,0.009817252,0.456506437,0.193940081,0.650446518,0.018928017,0.002865941,0.013520865,0.002042664,0.005407152,0.000823277,3.616791431,3.616791431,NA,NA,NA,49.31894193,0.0504375,0.493189419,19.791507,NA,NA,NA,0.8,1.301992192,95.23809524,1.62749024
144,Outer Lagoon,Outer Lagoon,6,MCAP,276.2314817,72.90934,3.757209008,0.047426512,114.5042488,0.66187427,0.000629713,0.000167005,0.010047215,0.002708377,0.011695954,0.883823267,0.378461417,1.262284684,0.017063241,0.004551245,0.011959117,0.003191691,0.005104123,0.001359555,3.347413462,3.347413462,NA,NA,NA,NA,NA,NA,NA,4.73,2.437,3.844295458,0.9,1.972236317,100,2.191373686
151,Inner Lagoon,Inner Lagoon,6,PCOM,192.7166668,36.474298,5.861577997,0.036176798,60.01198792,0.346890104,0.000874958,0.000157518,0.011130323,0.001815355,0.004593064,0.537837257,0.283526316,0.821363573,0.023440871,0.004051347,0.015318888,0.002642411,0.008121983,0.001408937,2.864991995,2.864991995,NA,NA,NA,31.02057342,0.035,0.310205734,53.53699714,1.775,36.747,3.589731758,1,1.469697217,90.47619048,1.469697217
151,Outer Lagoon,Inner Lagoon,6,PCOM,189.3361105,36.10411,4.824334038,0.00742217,45.59140556,0.260522318,0.000246331,0.000107724,0.008646342,0.003781166,0.00554,0.395543128,0.1989737,0.594516828,0.015413324,0.003457255,0.010287581,0.002339471,0.005125744,0.001117784,3.07822091,3.07822091,NA,NA,NA,NA,NA,NA,0.929277656,NA,NA,NA,1,0.839394384,57.14285714,0.839394384
152,Inner Lagoon,Inner Lagoon,6,PCOM,143.7055558,30.36145,4.857172599,0.034098263,54.82330696,0.316897728,0.001098356,0.00021687,0.010593834,0.002178383,0.006436994,0.525442309,0.285012299,0.810454607,0.026607234,0.005375255,0.017267736,0.003380546,0.009339498,0.001994709,2.830376515,2.749983533,NA,NA,NA,31.12877903,0.0534625,0.31128779,0.848861513,2.833,8.91,3.23207905,1,1.34607078,85.71428571,1.34607078
152,Outer Lagoon,Inner Lagoon,6,PCOM,292.4394442,42.69427,6.707315483,0.064634412,121.3501979,0.693429702,0.001493322,0.000289153,0.015738072,0.002652827,0.008949714,0.871297865,0.409887328,1.281185193,0.029613037,0.005519502,0.019982645,0.003667234,0.009630393,0.001852268,3.067416308,3.067416308,NA,NA,NA,22.27067466,0.0408,0.222706747,2.860317316,2.151,18.299,2.531614257,1,2.141117584,95.23809524,2.141117584
153,Inner Lagoon,Inner Lagoon,6,PCOM,178.5541668,43.099375,4.385247209,0.037756123,72.46652963,0.418881674,0.000920359,0.00022113,0.011145281,0.002824148,0.005905587,0.662855248,0.369787663,1.032642911,0.024592785,0.00616564,0.015905704,0.003920185,0.00868708,0.002245455,2.786727255,2.786727255,NA,NA,NA,NA,NA,NA,9.331116316,NA,NA,NA,1,1.419894248,80.95238095,1.419894248
153,Outer Lagoon,Inner Lagoon,6,PCOM,201.1366666,30.208222,6.970431134,0.037291953,135.9004001,0.776573715,0.001201322,0.000182104,0.027925192,0.004480918,0.007402286,0.559682917,0.252716836,0.812399753,0.026850992,0.003854236,0.01848602,0.002607855,0.008364972,0.001246381,3.118823225,3.118823225,NA,NA,NA,35.39650106,0.029184375,0.353965011,7.972227295,3.798,24.087,3.257685645,1,2.05528516,85.71428571,2.05528516
154,Inner Lagoon,Inner Lagoon,6,PCOM,168.7877784,28.846798,6.02102948,0.037249788,56.64324756,0.327417616,0.001319074,0.000229341,0.011725988,0.002067772,0.006310146,0.55066254,0.311294675,0.861957215,0.029667047,0.005386496,0.018802164,0.003447041,0.010864883,0.001939455,2.741805255,2.741805255,NA,NA,NA,NA,NA,NA,24.42033287,NA,NA,NA,1,1.589351709,100,1.589351709
154,Outer Lagoon,Inner Lagoon,6,PCOM,287.2666664,33.324988,8.615911249,0.061688744,157.920739,0.902404223,0.001851049,0.000217678,0.027567393,0.003239875,0.008168138,0.66316685,0.340507646,1.003674497,0.030469924,0.003828404,0.020116327,0.002539741,0.010353597,0.001288663,2.934186845,2.934186845,NA,NA,NA,31.66573946,0.068046875,0.316657395,NA,2.793,12.004,2.580839813,1,1.999487697,76.19047619,1.999487697
156,Inner Lagoon,Inner Lagoon,6,PCOM,209.4644446,32.550034,7.712813927,0.047698214,80.78260226,0.466951458,0.001358841,0.000245317,0.015974436,0.00259339,0.006475144,0.657736512,0.339306375,0.997042886,0.030476966,0.005631594,0.020000121,0.003755587,0.010476845,0.001876007,2.891232514,2.891232514,NA,NA,NA,53.43614719,0.041365625,0.534361472,34.31289395,1.009,13.716,3.755523094,1,1.665225708,90.47619048,1.665225708
156,Outer Lagoon,Inner Lagoon,6,PCOM,359.6344442,48.906784,7.089597714,0.077355069,133.2087114,0.761192637,0.001580438,0.000232145,0.016434176,0.002541803,0.011333714,1.128504787,0.514818779,1.643323565,0.033435363,0.004908483,0.022964444,0.003370568,0.010470919,0.001537915,3.158593559,3.158593559,NA,NA,NA,19.84352871,0.0564375,0.198435287,NA,2.892,5.243,2.576357062,1,2.144418484,90.47619048,2.144418484
157,Inner Lagoon,Inner Lagoon,6,PCOM,215.2750003,29.176645,7.366501769,0.05378069,107.2275833,0.61981262,0.001849538,0.000280939,0.022763954,0.003682534,0.007119942,0.637946798,0.336851114,0.974797912,0.034536412,0.005287211,0.022748705,0.003467797,0.011787707,0.001819414,2.921738461,2.921738461,NA,NA,NA,39.1765549,0.0762125,0.391765549,44.16319157,3.548,24.196,3.377595182,1,2.014916873,95.23809524,2.014916873
157,Outer Lagoon,Inner Lagoon,6,PCOM,267.8777782,40.357882,7.077540994,0.07530132,120.4124431,0.688071103,0.001889018,0.000313535,0.018161523,0.002805935,0.009117714,0.935206796,0.45869684,1.393903636,0.034900296,0.005681892,0.023620964,0.00374071,0.011279332,0.001941182,3.051976315,3.051976315,NA,NA,NA,29.724761,0.040446875,0.29724761,3.721984251,4.074,46.441,3.806507365,1,2.025334845,90.47619048,2.025334845
158,Inner Lagoon,Inner Lagoon,6,PCOM,108.574074,19.18236,5.583033097,0.022244789,87.77988995,0.507398208,0.001108269,0.00017484,0.026545765,0.004219702,0.004339114,0.250031481,0.134143887,0.384175368,0.020486169,0.003970395,0.013405652,0.002604899,0.007080518,0.001365496,2.879130269,2.879130269,NA,NA,NA,27.95110244,0.0097,0.279511024,20.27248963,0.928,54.728,1.460525066,1,1.548875484,80.95238095,1.548875484
158,Outer Lagoon,Inner Lagoon,6,PCOM,155.5222222,23.502124,7.454209113,0.03032924,108.2067276,0.618324157,0.001310932,0.000216269,0.029548355,0.004044938,0.007292571,0.525583598,0.237214766,0.762798364,0.033299103,0.005353615,0.023067395,0.003630843,0.010231708,0.001722771,3.225333278,3.225333278,NA,NA,NA,32.1550173,0.02175,0.321550173,20.89181742,0.484,24.715,2.876636294,1,1.710510439,80.95238095,1.710510439
162,Inner Lagoon,Inner Lagoon,6,MCAP,292.6888894,70.855,5.013096339,0.046853907,114.525922,0.669742234,0.00077161,0.000164457,0.014292931,0.002868908,0.011948538,0.866717147,0.267435222,1.134152369,0.016992548,0.003724304,0.012685087,0.002808385,0.004307461,0.000915919,4.003443188,4.003443188,NA,NA,NA,55.76232733,0.0509,0.557623273,13.11525454,7.421,15.832,5.560092319,0.5,1.102768011,100,2.205536022
162,Outer Lagoon,Inner Lagoon,6,MCAP,266.793333,62.620012,5.207571544,0.057317283,152.7601585,0.883006696,0.001092772,0.000220016,0.01788551,0.00395501,0.011678613,1.010008204,0.392850498,1.402858702,0.024902969,0.005250753,0.017804189,0.003793164,0.00709878,0.001457589,3.599699733,3.599699733,NA,NA,NA,29.83654782,0.049328125,0.298365478,17.82415969,3.96,19.564,5.392787333,0.9,2.219496046,95.23809524,2.466106718
163,Inner Lagoon,Inner Lagoon,6,MCAP,406.6155554,88.837594,5.188488245,0.060531525,130.7527793,0.764636137,0.000725136,0.000148327,0.010393984,0.002025266,0.017622222,1.094467966,0.489761304,1.584229269,0.018024883,0.003813295,0.01254977,0.002637837,0.005475113,0.001175458,3.270261379,3.270261379,NA,NA,NA,45.72490706,0.205,0.457249071,8.241008775,13.214,30.432,7.21063265,0.5,1.188172523,100,2.376345046
163,Outer Lagoon,Inner Lagoon,6,MCAP,232.9438885,65.36998,3.74131004,0.055031979,165.0024453,0.95377136,0.000809951,0.000227561,0.018602584,0.00492674,0.013180347,0.969611266,0.419404222,1.389015488,0.021572931,0.006057495,0.014933715,0.004188499,0.006639216,0.001868996,3.267007092,3.267007092,NA,NA,NA,43.05644208,0.0706875,0.430564421,6.77639672,3.375,13.274,2.72253,0.9,2.445109603,100,2.716788448
166,Inner Lagoon,Inner Lagoon,6,MCAP,264.5211112,56.638696,5.007198818,0.04271864,62.69456554,0.366634886,0.000776718,0.000164158,0.008033022,0.001595441,0.009127165,0.58177161,0.263127206,0.844898816,0.016552617,0.003719822,0.01135445,0.002543509,0.005198167,0.001176313,3.280645694,3.280645694,NA,NA,NA,46.25468165,0.04476875,0.462546817,11.83579602,0.572,21.275,1.477849245,0.5,0.829971398,100,1.659942796
166,Outer Lagoon,Inner Lagoon,6,MCAP,283.004167,56.3907175,5.044174625,0.048437572,82.96693895,0.479577682,0.000776828,0.000161121,0.009516377,0.001971681,0.009608093,0.779496635,0.35304461,1.132541246,0.017500207,0.003606931,0.012136497,0.002509933,0.00536371,0.001096998,3.256258398,3.256258398,NA,NA,NA,40.43067959,0.0391875,0.404306796,6.257087305,1.176,91.082,1.699317,0.9,1.676915844,100,1.863239827
167,Inner Lagoon,Inner Lagoon,6,MCAP,322.7333336,71.396044,7.645356957,0.066811024,137.5663439,0.804481543,0.001676036,0.000216348,0.0207838,0.002854682,0.013621053,1.088310689,0.457372081,1.54568277,0.035231597,0.005057493,0.024633321,0.003588567,0.010598277,0.001468926,3.383277009,3.383277009,NA,NA,NA,NA,NA,NA,NA,9.283,10.523,6.369955476,0.5,1.064202115,90.47619048,2.12840423
167,Outer Lagoon,Inner Lagoon,6,MCAP,282.870833,87.5804125,3.38460917,0.070908539,173.3653131,1.002111637,0.000771124,0.000232459,0.01302414,0.003792739,0.011424856,1.146065801,0.511601872,1.657667672,0.016673794,0.005099139,0.011927545,0.003679833,0.004746249,0.001419306,3.592536185,3.592536185,NA,NA,NA,32.11539865,0.06945,0.321153987,5.187445395,3.282,10.55,2.983839683,0.9,2.403257954,95.23809524,2.670286616
169,Inner Lagoon,Inner Lagoon,6,MCAP,228.8888898,32.177812,7.147355863,0.018845332,95.82931319,0.56040534,0.0005785,8.33E-05,0.018343459,0.002538647,0.011950877,0.376722711,0.147916015,0.524638726,0.016434263,0.002397465,0.011791573,0.001724095,0.00464269,0.00067337,3.534615182,3.534615182,NA,NA,NA,49.10487782,0.035165625,0.491048778,24.28126477,0,NA,NA,0.5,0.86088412,85.71428571,1.72176824
169,Outer Lagoon,Inner Lagoon,6,MCAP,165.5472225,41.52472,4.00367626,0.02088684,116.2728499,0.672097398,0.000558359,0.000136107,0.01755973,0.004256102,0.008332948,0.524985305,0.207567344,0.73255265,0.019451078,0.004794824,0.014092852,0.003468878,0.005358226,0.001325947,3.607432831,3.607432831,NA,NA,NA,43.92488162,0.028003125,0.439248816,7.322881654,1.304,4.375,2.905114826,0.9,1.894093129,95.23809524,2.104547921
170,Inner Lagoon,Inner Lagoon,6,MCAP,396.4166658,60.879925,6.878572116,0.029775921,89.70131952,0.52456912,0.000629451,0.000105124,0.009377275,0.00156849,0.012669591,0.640038315,0.271033494,0.911071809,0.016571519,0.002986929,0.011647369,0.002115836,0.004924151,0.000871093,3.389564985,3.389564985,NA,NA,NA,46.59442724,0.10535,0.465944272,1.346618407,3.377,12.87,2.993032957,0.5,0.55549269,57.14285714,1.11098538
170,Outer Lagoon,Inner Lagoon,6,MCAP,292.8822222,72.021838,4.22755707,0.039656153,53.94259461,0.311806905,0.000524756,0.000125622,0.005655445,0.001275478,0.007384971,1.082392112,0.448805839,1.531197951,0.020266543,0.004892045,0.014157413,0.003418557,0.00610913,0.001473487,3.320029454,3.320029454,NA,NA,NA,53.25615051,0.0644,0.532561505,10.85923705,0,NA,NA,0.9,1.27130555,90.47619048,1.412561722
208,Inner Lagoon,Outer Lagoon,6,MCAP,258.25,77.403802,3.666635961,0.047107781,105.5203231,0.617077913,0.000651998,0.000180729,0.008871525,0.002409216,0.014098245,0.681406301,0.318812419,1.00021872,0.014154988,0.003883056,0.00967315,0.002651214,0.004481838,0.001231842,3.14699884,3.14699884,NA,NA,NA,42.85177229,0.10265625,0.428517723,-2.430871863,7.171,50.464,5.399141274,0.8,1.647545902,100,2.059432378
208,Outer Lagoon,Outer Lagoon,6,MCAP,313.8355562,71.33977,4.98638012,0.057943598,162.5326752,0.939495232,0.000862625,0.000186726,0.01549054,0.003154838,0.011618497,1.427484005,0.581529036,2.009013041,0.026908358,0.00627616,0.018887203,0.004431858,0.008021155,0.001844303,3.384189921,3.384189921,NA,NA,NA,42.20183486,0.089125,0.422018349,6.186632968,3.89,4.589,2.856690316,0.9,2.421982276,100,2.691091418
21,Inner Lagoon,Outer Lagoon,6,MCAP,263.1666664,49.627498,5.393892245,0.033946137,91.15427441,0.533065932,0.00070869,0.000136331,0.011500484,0.002250547,0.010384795,0.479303915,0.201191858,0.680495774,0.014093067,0.002663435,0.009863044,0.00188177,0.004230023,0.000781665,3.47235193,3.47235193,NA,NA,NA,43.37781243,0.063140625,0.433778124,9.296266725,2.947,58.299,3.55952155,0.8,1.26902162,80.95238095,1.586277025
21,Outer Lagoon,Outer Lagoon,6,MCAP,370.5186668,75.956272,7.042340632,0.059566054,118.3459264,0.6840805,0.001139931,0.000168691,0.016804547,0.002004226,0.010241618,1.265823288,0.503991837,1.769815124,0.033437291,0.004870476,0.023490585,0.003491841,0.009946707,0.001378635,3.497670285,3.497670285,NA,NA,NA,38.25807567,0.0934125,0.382580757,34.29341946,6.45,8.418,5.903711707,0.9,2.00821041,100,2.2313449
22,Inner Lagoon,Outer Lagoon,6,MCAP,257.195556,36.418702,7.189253616,0.025585552,87.88150686,0.513926941,0.000712156,0.000100071,0.015441269,0.002110744,0.009153216,0.318206168,0.147899003,0.466105171,0.013766906,0.001871167,0.009366478,0.001270114,0.004400428,0.000601053,3.12627582,3.12627582,NA,NA,NA,50.61935138,0.0762,0.506193514,6.498182358,1.375,15.515,2.344650074,0.8,1.466718852,95.23809524,1.833398565
22,Outer Lagoon,Outer Lagoon,6,MCAP,216.7296292,41.147865,5.296855289,0.033025401,122.2693367,0.706759171,0.00071085,0.000138705,0.015993704,0.003154711,0.009452312,0.45161133,0.240779333,0.692390663,0.017635943,0.003400957,0.011855263,0.002295402,0.00578068,0.001105555,3.070825782,3.070825782,NA,NA,NA,41.30009741,0.06204375,0.413000974,14.98822368,3.658,19.602,4.869576799,0.9,1.947571293,95.23809524,2.163968103
23,Inner Lagoon,Outer Lagoon,6,MCAP,275.890741,48.636375,5.821208669,0.030781861,53.17674932,0.310975142,0.000640646,0.000116583,0.007039333,0.001191865,0.010976608,0.551782773,0.257387511,0.809170284,0.016951319,0.003490052,0.01160052,0.00238197,0.005350799,0.001108081,3.183467053,3.183467053,NA,NA,NA,47.62983188,0.09253125,0.476298319,7.276699054,0.75,25.1205,2.409219458,0.8,1.226740199,95.23809524,1.533425249
23,Outer Lagoon,Outer Lagoon,6,MCAP,403.0185187,62.25796,6.640240456,0.054440279,126.9838443,0.734010661,0.000895806,0.000136173,0.016369822,0.002361685,0.011809249,1.029531418,0.529623521,1.559154939,0.027927854,0.004243185,0.018692717,0.002840915,0.009235137,0.001402269,3.021697701,3.021697701,NA,NA,NA,44.33514514,0.065734375,0.443351451,0.564417896,0,NA,NA,0.9,1.989616449,95.23809524,2.210684943
24,Inner Lagoon,Outer Lagoon,6,MCAP,283.0666664,55.791196,5.788397587,0.046162546,58.43507993,0.341725614,0.000843409,0.000165279,0.006483762,0.001300973,0.01168655,0.757096964,0.332329426,1.08942639,0.021872008,0.00415832,0.015076608,0.002922933,0.0067954,0.001235387,3.266184612,3.266184612,NA,NA,NA,62.67432996,0.131742857,0.6267433,9.211843789,2.047,32.865,2.132724697,0.8,1.230557032,95.23809524,1.53819629
24,Outer Lagoon,Outer Lagoon,6,MCAP,415.8299996,100.347322,4.437667075,0.072039886,109.3998653,0.632369163,0.000754394,0.000172057,0.008083208,0.001722632,0.009412717,1.696139072,0.69812345,2.394262522,0.023516388,0.005487386,0.016483098,0.003865423,0.00703329,0.001621964,3.365906983,3.365906983,NA,NA,NA,38.44621514,0.053075,0.384462151,14.37392888,4.566,22.41,5.038677603,0.9,1.924438044,100,2.138264493
47,Inner Lagoon,Outer Lagoon,6,PCOM,146.8111112,27.31045,5.144254157,0.028480746,57.63194051,0.333132604,0.001035075,0.000214422,0.012780245,0.002854647,0.005821965,0.333636024,0.222677622,0.556313646,0.020307894,0.004312915,0.012222547,0.002616963,0.008085347,0.001695953,2.486209146,2.486209146,NA,NA,NA,37.72594939,0.05355,0.377259494,32.21357409,0.689,12.028,1.898876404,1,1.447292146,90.47619048,1.447292146
47,Outer Lagoon,Outer Lagoon,6,PCOM,150.091667,28.285075,4.857394109,0.043052455,132.2802602,0.755887201,0.001488228,0.00032134,0.032460287,0.007942631,0.010077143,0.731261318,0.279045574,1.010306892,0.033948919,0.007186447,0.024431118,0.005150263,0.009517802,0.002036184,3.552278508,3.552278508,NA,NA,NA,27.62725728,0.050640625,0.276272573,38.68154737,2.402,23.577,2.681376677,1,1.573731308,66.66666667,1.573731308
48,Inner Lagoon,Outer Lagoon,6,PCOM,229.5611112,26.134798,8.963581457,0.028197935,49.04136182,0.28347608,0.000973861,0.000117363,0.011051818,0.001303467,0.004164162,0.480613782,0.256961696,0.737575478,0.027336786,0.003207901,0.018122145,0.002117568,0.009214641,0.001090333,2.99541099,2.99541099,NA,NA,NA,34.43866149,0.02215625,0.344386615,28.30594423,0,NA,NA,1,1.438339947,95.23809524,1.438339947
48,Outer Lagoon,Outer Lagoon,6,PCOM,300.0711114,45.14524,7.258004407,0.054677394,114.8475403,0.656271659,0.001191193,0.000214348,0.018970789,0.002678689,0.011313143,0.982068674,0.426092205,1.408160878,0.030632363,0.005198032,0.021393425,0.003565036,0.00923894,0.001632997,3.307739627,3.307739627,NA,NA,NA,32.50396249,0.023575,0.325039625,1.38205963,1.123,20.91,1.605124929,1,1.765805369,80.95238095,1.765805369
49,Inner Lagoon,Outer Lagoon,6,PCOM,236.875,40.7119675,5.534283578,0.045621188,75.49173465,0.436368409,0.001121909,0.000208014,0.011332948,0.002163192,0.006710983,0.610026151,0.302768498,0.912794649,0.022865425,0.004229971,0.015114086,0.00276322,0.007751339,0.001466751,2.926058115,2.926058115,NA,NA,NA,40.42820423,0.1046875,0.404282042,19.52551327,0.467,11.101,1,1,1.360352865,76.19047619,1.360352865
49,Outer Lagoon,Outer Lagoon,6,PCOM,309.102777,39.2356225,8.493239049,0.069925346,128.5714461,0.734693978,0.001966649,0.000257381,0.021921617,0.002852535,0.01033,0.987245336,0.425278762,1.412524097,0.040963327,0.005537759,0.028816784,0.003872955,0.012146543,0.001664804,3.328408295,3.328408295,NA,NA,NA,23.99606471,0.046725,0.239960647,18.10066792,0.994,30.114,2.449295481,1,2.101263526,90.47619048,2.101263526
50,Inner Lagoon,Outer Lagoon,6,PCOM,237.1177782,40.444666,5.575906654,0.043978617,44.82717089,0.259116595,0.001060853,0.000197022,0.006494139,0.001216136,0.005654335,0.688943124,0.378153707,1.067096831,0.026566257,0.005050824,0.017057776,0.003236062,0.009508481,0.001814761,2.793373668,2.793373668,NA,NA,NA,31.45817777,0.0241875,0.314581778,NA,1.47,2.249,2.793867429,1,1.396580829,95.23809524,1.396580829
50,Outer Lagoon,Outer Lagoon,6,PCOM,455.2011114,46.13173,9.714149853,0.075772146,119.3453145,0.681973226,0.00160441,0.000165704,0.017814835,0.001909985,0.009460571,1.248427358,0.586789297,1.835216655,0.039662333,0.004090422,0.027043817,0.002789971,0.012618516,0.001300451,3.127860621,3.127860621,NA,NA,NA,25.73801382,0.0736875,0.257380138,10.29370564,3.644,15.611,3.30148785,1,2.015404016,90.47619048,2.015404016
51,Inner Lagoon,Outer Lagoon,6,MCAP,331.5388884,56.174944,5.949175468,0.03625783,111.6613613,0.652990417,0.000649564,0.000111793,0.011964594,0.002034609,0.013126316,0.484196953,0.203329586,0.687526539,0.011993338,0.002081693,0.008390058,0.001459513,0.00360328,0.00062218,3.323635933,3.323635933,NA,NA,NA,NA,NA,NA,7.572264335,1.807,3.731,2.295906005,0.8,1.243075858,71.42857143,1.553844823
51,Outer Lagoon,Outer Lagoon,6,MCAP,146.6349208,29.682772,5.275551516,0.033469339,71.91971297,0.415720884,0.000636801,0.000120096,0.007987722,0.001487133,0.006840077,0.921072067,0.429951756,1.351023824,0.027259222,0.005240463,0.017773064,0.003428388,0.009486157,0.001812074,2.944495837,2.944495837,NA,NA,NA,39.68023256,0.0511875,0.396802326,12.43919268,5.171,15.301,3.656430831,0.9,1.348686713,85.71428571,1.498540792
52,Inner Lagoon,Outer Lagoon,6,MCAP,252.740741,65.67847,4.219250484,0.049201146,159.611974,0.933403356,0.000672047,0.000186597,0.013800212,0.003619892,0.016575438,0.566736407,0.221462359,0.788198766,0.015882986,0.003479784,0.011502356,0.002512866,0.004380631,0.000966918,3.541253033,3.541253033,NA,NA,NA,48.73221152,0.092475,0.487322115,5.450871609,2.09,37.313,2.413738988,0.8,2.042000794,95.23809524,2.552500993
52,Outer Lagoon,Outer Lagoon,6,MCAP,185.1977782,56.719378,4.269235646,0.041783708,103.5443178,0.598522068,0.000751384,0.000213562,0.013041952,0.003178696,0.008379576,0.921297748,0.358849557,1.280147305,0.024063407,0.006667641,0.017197365,0.004798931,0.006866042,0.00186871,3.456189222,3.456189222,NA,NA,NA,NA,NA,NA,NA,2.591,85.894,2.083882944,0.9,1.86960575,100,2.077339722
54,Inner Lagoon,Outer Lagoon,6,PCOM,201.4194438,27.3587575,7.777776861,0.03528438,122.2519865,0.706658881,0.001361487,0.000175789,0.028975078,0.003615268,0.007195087,0.415084139,0.24617986,0.661263999,0.025777782,0.003298097,0.016263476,0.002075699,0.009514306,0.001222398,2.69403948,2.69403948,NA,NA,NA,24.05385917,0.0289,0.240538592,8.277452805,2.166,9.901,3.70355202,1,2.163796177,95.23809524,2.163796177
54,Outer Lagoon,Outer Lagoon,6,PCOM,215.1933334,26.46634,8.276728329,0.049503701,177.7466388,1.015695079,0.00189684,0.000230451,0.042019716,0.005022757,0.008407143,0.549363253,0.273935481,0.823298734,0.030781574,0.003795379,0.020362073,0.002517573,0.010419501,0.001277806,2.963411273,2.963411273,NA,NA,NA,45.76409045,0.0694125,0.457640904,1.950693437,1.777,15.806,1.828048538,1,2.55889389,90.47619048,2.55889389
55,Inner Lagoon,Outer Lagoon,6,MCAP,278.1777778,44.822512,6.633007069,0.027199769,92.48228593,0.540832082,0.000627458,0.000100557,0.012520857,0.00195008,0.014174269,0.444934085,0.200425342,0.645359427,0.014751376,0.002417072,0.010275289,0.001650962,0.004476087,0.00076611,3.361042909,3.361042909,NA,NA,NA,41.23995732,0.052425,0.412399573,10.52780112,5.823,8.009,3.385929958,0.8,1.428436464,90.47619048,1.78554558
55,Outer Lagoon,Outer Lagoon,6,MCAP,299.4277778,69.166102,4.624524325,0.045588904,143.6513033,0.830354354,0.000674206,0.000148486,0.013042108,0.002841905,0.011528324,0.906731318,0.368336785,1.275068104,0.021803662,0.004676559,0.015370669,0.003318296,0.006432993,0.001358263,3.390401379,3.390401379,NA,NA,NA,46.10434553,0.101428125,0.461043456,7.186096805,2.942,57.433,2.401532699,0.9,2.031347953,90.47619048,2.257053281
56,Inner Lagoon,Outer Lagoon,6,PCOM,182.2499996,27.006706,7.050297335,0.022994222,30.14648974,0.174257166,0.000715842,0.000108528,0.006403587,0.000968059,0.005073988,0.516824677,0.25244727,0.769271947,0.031329125,0.0045215,0.020641508,0.002992814,0.010687617,0.001528686,2.974292748,2.974292748,NA,NA,NA,42.45725194,0.021225,0.424572519,47.84080927,0,NA,NA,1,1.251310181,90.47619048,1.251310181
56,Outer Lagoon,Outer Lagoon,6,PCOM,366.8055587,66.04911,5.337383321,0.102096806,123.4165754,0.705237574,0.001540723,0.000317088,0.010605016,0.002115978,0.008771429,1.264537465,0.552731832,1.817269298,0.027217326,0.005578848,0.018953838,0.003896036,0.008263488,0.001682811,3.301050117,3.301050117,NA,NA,NA,NA,NA,NA,16.43535959,NA,NA,NA,1,1.188747808,52.38095238,1.188747808
57,Inner Lagoon,Outer Lagoon,6,PCOM,204.2111114,33.790774,6.63989599,0.029599164,52.58994437,0.303988118,0.000914454,0.000143646,0.010904407,0.001591145,0.005004624,0.437477753,0.245740064,0.683217817,0.022094194,0.003454903,0.014194107,0.002223669,0.007900086,0.001231234,2.810937971,2.810937971,NA,NA,NA,24.39860344,0.037353125,0.243986035,19.94407394,1.133,27.216,2.845402254,1,1.326153096,85.71428571,1.326153096
57,Outer Lagoon,Outer Lagoon,6,PCOM,173.4680555,26.28328,6.962193341,0.028683954,70.14309494,0.400817686,0.001193725,0.000187157,0.016259489,0.00279373,0.007824762,0.493512692,0.213608011,0.707120704,0.030054421,0.004301013,0.021118939,0.002991774,0.008935482,0.001309239,3.21763673,3.21763673,NA,NA,NA,30.98093987,0.020571875,0.309809399,25.25655892,3.175,4.048,3.74598066,1,1.229622739,71.42857143,1.229622739
58,Inner Lagoon,Outer Lagoon,6,PCOM,180.2361115,26.4960025,7.10389857,0.029464446,54.10409493,0.312740433,0.001065738,0.000173343,0.011948672,0.001799504,0.005731214,0.427816037,0.256162251,0.683978288,0.026540965,0.004069084,0.016918914,0.002525404,0.009622052,0.001543681,2.770883269,2.770883269,NA,NA,NA,NA,NA,NA,NA,NA,NA,NA,1,1.488507409,95.23809524,1.488507409
58,Outer Lagoon,Outer Lagoon,6,PCOM,315.3819445,41.950165,7.16550775,0.070689513,102.2802494,0.584458568,0.001690067,0.000245927,0.016254321,0.0024974,0.010512857,0.767907572,0.388081142,1.155988714,0.028400929,0.004130416,0.018659964,0.002690933,0.009740965,0.001439483,2.945648559,2.945648559,NA,NA,NA,23.97839453,0.061446875,0.239783945,15.94267526,5.428,10.231,5.251236117,1,1.954309927,95.23809524,1.954309927
59,Inner Lagoon,Outer Lagoon,6,PCOM,74.4277775,41.25013,1.804224824,0.01269192,38.14042277,0.220464872,0.000307674,0.00017072,0.005344436,0.002965227,0.003647399,0.258579219,0.140581224,0.399160443,0.009675517,0.005339403,0.006267724,0.003453351,0.003407794,0.001886052,2.826806153,2.826806153,NA,NA,NA,NA,NA,NA,18.61726153,NA,NA,NA,1,1.197288659,85.71428571,1.197288659
59,Outer Lagoon,Outer Lagoon,6,PCOM,179.3466664,23.043118,7.772062289,0.029282762,93.9511894,0.536863939,0.001245094,0.000163484,0.022974981,0.003004079,0.007349144,0.482649467,0.223863096,0.706512563,0.030620669,0.004001657,0.020952806,0.002739327,0.009667863,0.00126233,3.183575869,3.183575869,NA,NA,NA,47.13525377,0.074625,0.471352538,32.43453685,1.626,40.972,1.597637513,1,1.685447221,85.71428571,1.685447221
60,Inner Lagoon,Outer Lagoon,6,PCOM,50.166667,22.36783,2.242804376,0.003622591,4.264292687,0.024649091,0.000161955,7.22E-05,0.001101988,0.000491344,0.003098266,NA,NA,NA,NA,NA,NA,NA,NA,NA,NA,NA,NA,NA,NA,NA,NA,NA,NA,NA,NA,NA,1,0.696245576,66.66666667,0.696245576
60,Outer Lagoon,Outer Lagoon,6,PCOM,321.1255554,43.769578,7.729920382,0.063068698,120.4873793,0.688499311,0.001361606,0.000179351,0.017000435,0.002274432,0.007105714,0.858703876,0.401048432,1.259752308,0.027379518,0.003520325,0.01866848,0.002391883,0.008711039,0.001128442,3.076984973,3.076984973,NA,NA,NA,42.25238799,0.0738875,0.42252388,4.962039928,0,NA,NA,1,1.919398936,85.71428571,1.919398936
65,Inner Lagoon,Inner Lagoon,6,PCOM,87.25740767,21.9805225,6.986445612,0.013472136,17.49618789,0.101134034,0.000423424,0.000135254,0.00319429,0.000707041,0.003529865,0.287075241,0.167364372,0.454439613,0.021303176,0.005829377,0.013401977,0.003669103,0.007901199,0.002160275,2.72128404,2.685395661,NA,NA,NA,30.20063596,0.0216,0.30200636,16.13701143,0.527,20.329,2.21113013,1,1.1416821,90.47619048,1.1416821
65,Outer Lagoon,Inner Lagoon,6,PCOM,326.6222222,44.205532,7.965908616,0.061397443,94.96217536,0.542641002,0.001416748,0.000181446,0.015064091,0.001777887,0.010504286,0.972570848,0.437772091,1.410342938,0.032251299,0.004173183,0.022117077,0.002849073,0.010134222,0.00132411,3.17405456,3.17405456,NA,NA,NA,30.81983105,0.051046875,0.308198311,NA,1.5614,9.125,1.6609919,1,1.506098136,76.19047619,1.506098136
71,Inner Lagoon,Inner Lagoon,6,MCAP,369.4888892,95.01553,4.782819965,0.0598688,150.7678017,0.881683051,0.000694009,0.000157468,0.011214817,0.002308538,0.015163743,1.179938134,0.413326844,1.593264977,0.018603819,0.004138251,0.013681912,0.003064869,0.004921906,0.001073382,3.880820404,3.880820404,NA,NA,NA,46.20462046,0.063,0.462046205,20.03557723,3.673,7.531,2.574528616,0.5,1.231918806,95.23809524,2.463837612
71,Outer Lagoon,Inner Lagoon,6,MCAP,267.0333333,69.69562,4.168479126,0.05430693,205.8794557,1.190054658,0.000842875,0.000204695,0.021111675,0.004911904,0.013783237,1.044005297,0.360520365,1.404525662,0.021359507,0.005330206,0.015653401,0.003931232,0.005706107,0.001398974,3.80648424,3.80648424,NA,NA,NA,48.33022377,0.06003125,0.483302238,15.62297116,5.738,4.379,5.819196965,0.9,2.827888545,100,3.142098383
72,Inner Lagoon,Inner Lagoon,6,MCAP,344.8611118,65.332125,4.674910287,0.039390843,64.05364053,0.374582693,0.0006577,0.000146791,0.007394168,0.001915016,0.009956332,0.796420414,0.435766227,1.232186641,0.016968355,0.003858197,0.011156565,0.002595059,0.00581179,0.001263138,3.029047332,3.029047332,NA,NA,NA,57.72902255,0.1028375,0.577290226,14.12978859,3.163,20.985,1.577145771,0.5,0.677672153,80.95238095,1.355344306
72,Outer Lagoon,Inner Lagoon,6,MCAP,303.333333,59.20018,5.13324893,0.081224985,218.1151269,1.26078108,0.000825048,0.000163623,0.010809254,0.002101615,0.009927746,0.656463414,0.283616975,0.940080389,0.015889557,0.003152406,0.01109709,0.002197682,0.004792468,0.000954724,3.312966208,3.312966208,NA,NA,NA,26.08818413,0.06390625,0.260881841,2.926647731,4.83,22.456,6.24033,0.9,2.662230555,90.47619048,2.95803395
96,Inner Lagoon,Inner Lagoon,6,PCOM,132.838889,27.953194,6.052141307,0.023570861,46.01882368,0.266004761,0.000765595,0.000157316,0.010325989,0.001842764,0.003284682,0.349207149,0.195567368,0.544774517,0.021053624,0.003977673,0.013109192,0.002516966,0.007944431,0.001460707,2.698889695,2.698889695,NA,NA,NA,NA,NA,NA,11.80540178,0,NA,NA,1,1.267550203,85.71428571,1.267550203
96,Outer Lagoon,Inner Lagoon,6,PCOM,191.5138893,34.922695,5.412587292,0.041903196,96.41214205,0.550926526,0.001195153,0.000265861,0.016224345,0.003408575,0.010912857,0.820731435,0.350433621,1.171165056,0.03253123,0.006776998,0.02265838,0.004680654,0.00987285,0.002096344,3.25062675,3.25062675,NA,NA,NA,47.68955112,0.0688125,0.476895511,10.04626676,2.146,46.444,2.302349485,1,1.422619819,71.42857143,1.422619819
98,Inner Lagoon,Inner Lagoon,6,PCOM,173.0166668,21.500668,7.512366769,0.021156817,47.29697756,0.273392934,0.000846704,0.00011507,0.012133867,0.001709106,0.002690173,0.360792245,0.17174743,0.532539675,0.020749271,0.002764179,0.01399634,0.001853945,0.006752932,0.000910234,3.056302426,3.056302426,NA,NA,NA,33.61062207,0.01085,0.336106221,50.0254986,0,NA,NA,1,1.372171483,80.95238095,1.372171483
98,Outer Lagoon,Inner Lagoon,6,PCOM,289.4988884,47.170426,6.351230196,0.064147441,157.1798097,0.898170341,0.001354769,0.000247999,0.0199878,0.003750553,0.009298286,0.819794261,0.352594091,1.172388351,0.024683055,0.003967603,0.017139403,0.002707479,0.007543652,0.001260123,3.233163912,3.233163912,NA,NA,NA,NA,NA,NA,7.590354975,NA,NA,NA,1,2.242891384,85.71428571,2.242891384